﻿<?xml version="1.0" encoding="utf-8"?><bwFonts xmlns:xsi="http://www.w3.org/2001/XMLSchema-instance" xmlns:xsd="http://www.w3.org/2001/XMLSchema"><font id="00" name="ArialBold Charset1"><glyphs><g i="0" p="%^lA$v4w5eNz5etCoqLF5e2K5ebNBqWP5ezT5edP$voL$vQHCigE$v" /><g i="1" p="#^$wkp$wDnQx1mGyqkdAAjMBKiGDKiCGKiuIFknKzmnKtpnKqstImuAGhwHDhwVBhwhAuvGyGuQx7t$wzr$wkp^wAwpwArrqBtslCutHDut1FutXFtsRGrrRGupRGAnXFzm1FxlHDxllCxlqBzmwAAnwAwp" /><g i="2" p="#^jG$v%jG2uCF5vsEHviDhw0ChwJAhwGzJvEy8vay6uJx3tJxer%Jx1j%8B1j%8B_o8BJrkBlswBYs0CjtwCGtiDGtaEGtSEbtzFIsPF$r4Ghr4Gvo%4G1j%vJ1j%vJ$v" /><g i="3" p="%^Nx$vNx5edB5edB$v" /><g i="4" p="#^GJ$v%uG$v%uG5uIFcvCELvxDhwrChwcAhwCyuu0xHs0xtp0xamzysk7AKiuCKiFEKifGyk%fG5e%GJ5e^wAepwAjr5BesWBAtqDAtBEAtqFAsgGzrgGzpgGknsFlmEEmloDmlaCmllBkmwAinwAep" /><g i="5" p="" /><g i="6" p="#^9w1j%Pz1j%VCes%XF1j%vJ1j%WEvv%5EMxEDUydDuzPC5AhCtAMBRA_A2BdAfBezfBfyfBix2B%$wmyOxwysywyEzwydAPxOA6x5B1w" /><g i="7" p="%^NxghNx5edB5edBgh^Nx$vNx1jdB1jdB$v" /><g i="8" p="%^Gx$vGx5e5B5e5BBn6F1jkJ1jVEMnFJ$vXF$vHCaq5BRr5B$v" /><g i="9" p="#^iFSr%JIrs2IjuDGivcFhw4DhwHzhw3y4uNwjsNwCpNwomtyzk9AKiKCKiDFKiiHFkZIzmUIvq%iAvqlA1s7BTsWBJt6DJtWDJttEht0FRsiFSr^uFposFVmJE8m_DmlXCmlPBml4BamlA$mmApo" /><g i="10" p="#^KD1j%KDMl%oBMl%oB_qoBAssBRswB5tLBgt$BrtlCrtPCrtJD6t%0EMvPChwiBhwnAhwDzZvUyFvxyavbyGu3yQtYxetYxqr%YxMl%nwMl%nw1j%Yx1j%Yxsg%oBse%oB1j" /><g i="11" p="#^4B$v%Ex$v%Ex1j%QA1j%QATkEBzjiC9jYCKiNDKiYEKi1Gnj%_Enm6EPlmDPlECPl8CdmEBCmmBFn4BHo4B_r" /><g i="12" p="#^zwis%0AMreAMsVAitABPtOCPt7EPtOEjtfF_sfFpsfF0s$ELrLEwrSDjrHzoqByDp2xAo2xJm2x1lnyUjJzKiwCKi9FKisGCjMHtkfIam%0FMmPE$ldEClEDclACcldBclDAAleARleAhmeAEmAAUm2BenNDSnxGuoCHopHIiqHIXrHIJtbH$uIFhwOChw8AhwBydv2x8uzwis" /><g i="13" p="#^xx1j%HA1j%HAOkoCKiKEKi_FKiUGfjPHMjoIOkfJMjeKfjeLKilMKiNNKiMOjjLPUjfQ0lBQRlBQIn%BQ$v%aN$v%aNAoaNFmPM5mlMmllLmlDKml_JOlmJem4J5nOIXnOIMp%OI$v%nF$v%nFUonF$mbFsm$EUlCEDleEmlADmlNCml8COlwBdmeB1nYAQnYAHp%YA$v%xx$v" /><g i="14" p="%^cA$v6w1jrz1jSBxr5E1jpH1jzJxr2M1jqP1jgL$vZH$vKFFnxD$v" /><g i="15" p="#^cB5e%cBGkSCKi9FKimGKijHajgICjKIikdJ_koJPlAJEmAJoo%AJ$v%9G$v%9G8p9G6nYFzmMF$lgFHlMEml1EmlaDmlvCNlQBbmwB1ncBSncBvp%cB$v%Nx$v%Nx5e" /><g i="16" p="#^hw1j%by1j%by2ibyqgxyDfUyPePzjeLAOdbCOdEDOd2Fee%BEDgMDqg0DqggCqgXBNgDB7hDB6i%DB1j%bE1j%bEJl%DBJl%DB$v%by$v%byJl%hwJl" /><g i="17" p="#^9Fnr%1Cnr1CIq1Czq1C2pxC4o1D5nxETl1GFkkGhkNGGjNGYiNGYh_FfhbFxgQDxgwCxgEBhhMA0irAyj%hx9jqxZg8zrfTAVdHDVdEGVdnIsf7K$g7K2j7KbkuJclRIdmLGYnFFSooFqp8FZp9Fnr^1C$v%1Czs%uFzs%uF$v" /><g i="18" p="%^wC$vwCsoYv5ebA5epEalxI5eHM5e6Guo6G$v" /><g i="19" p="#^5JSm%IFtnxFsmWEYlkErlmDrl4CrljBjmzAbnzAhpzAArkBxs6CutqDutnEut$EXsEFnsUF1r%gJBrKIWtfH6vMFhwfDhwpAhwJyvu1xIs1xwp1xjmJyxkqAKijDKiHFKi4HMjuINk5JSm" /><g i="20" p="#^Hx1j%UA1j%UAXkwBYjACljEDKiWEKibHKiLIwkkKhmkKrpkKHsKIuu9HhwVEhwQDhwYCSv4Crv7Bou%7BWA%HxWA^4Bip4BtrXBwsPCzt3EztfFzt2GCsRGErRGtpRGqn0GrmcFsl$DslLCslVBqm4Bon4Bip" /><g i="21" p="#^gGWA%gGpuBFgvAENvADhwqChwdAhwNyDu6xHs6xmp6xemHyukgAKiCCKiVDKiREhjOFQjxGXk%xG1j%HJ1j%HJWA^nGmpnGmnzFomLEqlxDqlhCqlrBqmCApnCAxpCAHrpBEsdCAtpDAtBEAtuFwsnGsrnGmp" /><g i="22" p="#^AJ$v%9G$v%9Gnp9GhnWFGmIF2mcFIlJEml1Eml8DmlqCSlJBlmsB9nbBYnbB7q%bB$v%Mx$v%Mx1j%YA1j%YAXkECKidFKimGKiiH8jeIyjJIbkcJQkoJElAJrmAJXn" /><g i="23" p="#^Ex$v%Ex5e%4B5e%4BykFCKiQEKicHKiLIskiKamiKnpiKIsJIvu8HhwTEhwMDhwHCKvCBavQA5u%QA$v^2Bep2BfrHBcsACAt2EAtbFAt_FCsNGErNGxpNGknZFlm9FmlWDmlHCmlSBkm2Bhn2Bep" /><g i="24" p="#^txRw%oBkxuB$xRBgykCDynDDyJEDyoFdyRFYx4GlxeGXweGNv%eGUtIE$vmC$vKz$vdyNt0x1s0xrp0xamAysk9AKiuCKiUEKisGRk%sG1j%GJ1j%GJFuGJYwhJ5yVIezdITzyHwAoGTAfFfBwDfBdAfBQy7Asx$ysxgxsx5xtxRw^xAepxAjrkBgs7CdtiDdtzEdtqFesiGfriGkpiGjntFlmEEmlmDml7CmlkBkmxAhnxAep" /><g i="25" p="%^Nx$vNxzsdBzsdB$v" /><g i="26" p="%^Px$vPx5e4L5e4L7hqB7hqB5lpK5lpK6oqB6oqB_spL_spL$v" /><g i="27" p="#^lA_m%expmMxyk2zEjkAKiSCKi8FKigGhjoHQjRHGkjIvljIKn%gIKrgIrtrIfuCI3v2J$v%FF$vxFFvkF_ufFGucFAukErvkDSvkChwbBhwbzhw1ycvUw6uUwssUwmrpxvqXxDpTyapQzJoCBno0EWnXExn%XEbnXEcmsENlZDmlCCmlHBmlaBJlGA4mlA_m^XEMphE_pRCiqqBBq_AUqjAmrjA5sjAPsRAltoBTtdCTt8DTt_DgtCEOsPE7sXEHrXEsq" /><g i="28" p="%^sysmsy1jTB1jTBsm^sy$vsyzsTBzsTB$v" /></glyphs></font><font id="10" name="Arial Charset1"><glyphs><g i="0" p="#^ZC$v%ZCpo%3w5e%Yy5e%tCvjsD$kiEwm5F6lfGmj%JJ5e%tM5e%kFpo%kF$v" /><g i="1" p="#^wGPr%NI5sfI5uOGbvlFhw4DhweAhwzyxuVwNsVwDpVwlmByykhAKiZCKizFKicHwkSIhmSIupSIHpRI4q%az4qizcsnAlttBuu5DuujEuu9FRt0GctwGPr^izgo%yGgooGDmIFPlFEyk_CyktBykrAzlpzzmizgo" /><g i="2" p="#^Mw7s%XyNr7z5tYzOtOAuuiCuuPDuuxETtgFftgFqsgFGrDEfraEYqnCvqYzUp0zsp5y$oCxdo7xqn7xtm7xClwxTkWx7kCyEj7zgj$z$iUAKiVBKiqDKiAEajKFCjhGmkQG6l2Hnm%UEGmLEGl2E6llDyk3CykyAykUz2lfzylfzdmfzEmwz_mNzlnmAznHAHniC7oEELozF8puGxp$GiqxH3rxHbsxHhtUGfufGdv1FLvQDhwiChwNzhwsyev7xbuMw7s" /><g i="3" p="%^Ux$vUx5ekA5eJJ8sJJ5e$L5e$L$vzJ$vaAXhaA$v" /><g i="4" p="#^QwwpQwVlQyakvAKiVCKiAFKigHukZIemZIkpZIQrdIgttHIu1GvvBEhwVChwaAhwvyyuQwOsQwwp^4zwp4z$r9AftfBuuVCuuxEuuCFetIG_rIGrpIG1nCFOlxEykVCykfByk9ANl4z0n4zwp" /><g i="5" p="#^cxhncxQiBzjg_BNdMFNdfINdeKZeeM8ggNgijOokjO3njOOpdNYr7M5u6Kcv5IiwMFiweDiweB4vfzStdyLrcxDpcxhn^EzjnEzyqnBps7DguLFguqIgu8KosTLwqTL3nTLTk7LfjoKChZIJgyHPfNFPfgDPfsByhEzgjEzjn" /><g i="6" p="%^Qx$vQx5ebA5ebAZm3J5ehM5eNEllDM$vvJ$v7DXmbAOpbA$v" /></glyphs></font><font id="20" name="LatoBold"><glyphs><g i="0" p="%^aBdtpIdtpI$vPx$vPxWdaBWd" /><g i="1" p="#^HH$v%iG$vSF$vCFTvmFKveFkv%ZEqutESu$DbvxDwv1DLvxCZvZB4wpBbwKAbwWzbwezZvyyLv2yjvyxTugxeu$wAt$wJs$w$rnxirMxAqFy0qyzsp0B4puCIoGEEo%GEUnGECm7E$lBDnlyCnlOBnliBylOAJlqAXl3A9mLzlmrzwm3zwmLywmwymmiybmayYl%CxZkPzXiXCXi3EXiXEjjQFGjrGkk2H_kmHVlHHPmHHUn^HB3u9C3uzC_tZCUtjDJtGDyt$DitlE1tGEHs%GEwqkDAqqCLqwBWqZAbrqArrbAOrYz8sYzzsYzntrAJtWA3uHB3u" /><g i="2" p="#^Gx$v%Gxqd%MAqd%MALkxBXjuCsjsDZiKEZiNFZiEGpjwHRj8IGkNIul7JImtJVntJuptJWq4J9sIInt_HhugHaveGHvdFbwZDbwnDbwUC3wpCXv$BKvBBwvfBdvWAVuCAxu%tAovoAJvcASv1A$vJz$v^GDnlJCnl1CNllBbmMAWm%MAGshBjtVBAtxCQtfDQtYDQtwEAt4FjttFNsSFes3GqrhGBqhGuphGlo5GAnWFOmAFjmfFQlMEClhEnlGDnl" /><g i="3" p="#^2wWd%LyWdbzWdsz8eKzmeTzHe%7EIplEfqxEUqJExrVEfsbFPqCFIp%RJHeYJpeeKaexKWdYKWd%GNWd%nG$v%lD$v" /><g i="4" p="%^BB$vey$veyWdBBWd" /><g i="5" p="%^cJWdcJCgcBCgcBClwHClwHcocBcocBjtcJjtcJ$vPx$vPxWd" /><g i="6" p="#^8wWd%ZyWdpzWdHz8e_zle5AHe%9DvphDUpnDmqtDQqyDmrFDQqMDmqUDUp1Evp%AHHeGHpeZHaegIWdHIWd%GJWd6KWdoK8eHKleOKHe%jOvpBOiqOOgrTONqZOlq3PUpaPvp%eSHejSneCS9eWSWdmTWd%_VWd%nQ$v%lN$v%oJFjkJpjeJ8j9JSi4Jyi0JSiWI8jRIpjMIFj%NE$v%LB$v" /><g i="7" p="" /><g i="8" p="#^eKKrwKKrIKXr%1MntXKLukJtvJHbwtFbwtDbwSBvvfAPu6zBt_xnsnxGqMwZoMwYmMwWkrxej6yxhkzjgzA5fgCqeZDKd1GKd2IKdyJne3L0f7M4g%0LEhVKNhLKVhBK0ikK0i1K0iKJOhrJzhZIjhwI2hOHQg5HBg0GBgKEBgFD1hBCthQBii3B7jDAjkcAulcAYmcAtoDAGp3BSqOBGrxCusxDWsxEltHFltnGltWGgtuHbtXH1tpITsQIDsgJmsGJ_rOJTrXJPr4KKreKKr" /><g i="9" p="#^6DZiyEZiJFrjUGVjIHLkxIBl_IQmrJ2orJzprJ4r_IjsxIxtIHouUGfvJFJvyEbw6DbwGBbwvAJvkzfvvyouGxxtcxjsLw4rLwzpLw2ocxQmGxBlvyLkkzVjvArjGBZi6DZi^6DPtJEPtuFKsfGFrfGApfGwnuFrmJEll6DlluBllIArmXzwnXzApXzErIAKsuBPt6DPt" /><g i="10" p="#^Ex$v%Exaj%szajWzaj6AmjiAxjmAYj%yAvleBjk9CDj5DXieEXibFXiPFnj%pFHlnFVlfF$l7F5mVE5mJE5moE0m4EWlxDWlACWlUBsmcB_mKA0o%KA$v" /><g i="11" p="#^XCZi9EZiaFmjbGLjWGvkFHel3IjmtIontINotI8prInppIBpkIKpgISp7IWp_HZpMHZp%SzZp_zXrVATsRBOtmDOt6EOtFEDtcFrtCFet0G0tjGRsDGGsVGGs5HGseHLsnHPstHYs%nI4uSHHudH5vAGvvUFLvcF_vuE4wMDbw5DbwLBbwBALvszivByruLxztgxhsNw$qNwjpNw$ncxRmDxHlqyQkdzZjmAtjvBZiXCZi^$CblFBblUAYl7AImWz6o%JF6oJFwnyF_moFsm2F3mJEFlcEqlHDbl$Cbl" /><g i="12" p="#^mzHt%0DHt%0D9j0Dxi2DSh%sA1kiAak7AekYzhkOzhkyzhkkzak7z3k1zWj%2yBi%zDVd%5GVd%5GHt%lJHt%lJ$v%mz$v" /><g i="13" p="#^UGvo5HUogHkpsHMpEHcqPHLp$HjpbITooIto%LNteRNheYNae3O2ebO$djOYdtOXdEOWdTOWd%pRWd%pR$v%rO$v%rOkkrO$jsOCjuOdjwOQi%3J3tTIqtzIDtgIPtTHPt%pHPt0HPtIGDtpGqtdG3t%HANiKAcjLABjNA_jNAkk%NA$v%Px$v%PxWd%mAWdAAWdKAXdVAYd1B$daB2ehBaeoBheuBte%UGvo" /><g i="14" p="#^FG$v3G$vTFrv%DFbudFEuNE0vlEnvRDEvlDUvLC1waCbwvBbwsAbwAzLvIyjv3yuurxEt5xqsLwbrLwDpLwco8x_mxxLlfySk_yYj_zsj$AXigCXilDXi5EhjSEDjtFck%tFqd%xIqd%xI$v^yCKtwDKtbEltSEXstFbs%tFsmXEPljEylIDhl_ChlhChlJByl9BPlLAlmmATm8AInXzwoXzDpXzLq6AxriAjsEAPs_AittBwtYBKtyCKt" /><g i="15" p="#^tAaj%tAjrtAvs$A8tyBNtECNtrDNt8EqtRE3ttFrs%tFaj%xIaj%xI$v%FG$v3G$vTFrv%FFpugFPuQE8vpEtvWDIvsDXvUC3wlCbwIBbwFAbwRzRv2zuvuyRuXxbuFxitnxosnxjr%nxaj" /><g i="16" p="%^WAqdWA$vRx$vRxqd" /><g i="17" p="#^wDKdMEKdOF6eQGtezH8fjIPfJIMg8JJh8JTi8JTjQIKkxIAl2ImmzH7nUGSneGAowFkp%rBut1CjtCCdtbD7tJD7t%lI7tRI7t8JptrJHtrJ8u%rJ$v%2x$v%2xZu2xFuaxkuix_tBxHt%4DcoMDvniESmREdmdFBlBFZkNFkkZFHjZFZiZFkiNFRhBFlhfF0hVEGgqEvgXDkglDkgdCkgvBUgOAshvApimATi4A4jPzhjozhjczhj_yfj%mxZiyxFh4yHgCyIfqz2feAnegB3ejCKdwDKd" /><g i="18" p="#^Ex$v%Exaj%xzaj7AajjAKj%xALkWAlklB1kNBIjfCtjKCdjhD5jRDZiuEZixFZilGkj9HHjIHkkfIZkxITlPIMmPIQn%PI$v%JF$v%JFQnJFFmaF0mEEnlyDnlLCnl2CKllB5mKAJm%KA$v" /><g i="19" p="#^WAaj%WA$v%Rx$v%Rxaj^oBrfoBRfdBcg3BygOAPgxA3h9AdhOznhoznh_ynhDydhhy3h0yPgLxygBxcgrxRfrxrfrx1fBxGeLxie0y2ehyNdDyDd_ytdoztdOztd9ADdxANdOA2e3BiedBGeoB1foBrf" /><g i="20" p="#^4CYiVCYiDD7jlEhjYECj%EICj%EIMkEI2luIdlkInlZHrl%QGFlYGZl0Hlm4HIm4H5n4H2oIGPokGApFF7q_EFq3EYq9Dfr4CfrlBfrGA6r3Atr3AWr3AjsqAvsNAGsmBLsXBPsGCRspDSsbEWsZE_sIF8trGit0HEtBHZtYHyujI7vjI2wjIUwUHHxtHuyGG6zUFKzKE6ABDvA6CvAFAvAAzdAvyXzOxtz5x$yKwoyowNxow6xowdwXwCvux$utyDu_xnuIxXtqxvtqxOsqxvswxcsCxUrPxBr1yirly1rFyMq4zyq6y0qyx8p_wgo_w5n_w9mmxolLxCkqy4k6zxj2Afj_AYi4CYi^tFzwtFbweFYv0FJvDEBveEsvJDovcDkvCCiv1CgvpBevOAcveA7vIzqvnzPv3zcw3zJw3z2xezlxpzExMzRx8A3yJAayjBiy9Ciy1DiyFDayhE2yHEPx5FAxhFfxtFXwtFzw^4CgpFCgp4D6pvDYoNDHo3EpocE1olEEnlEanlEdmNDGldD6l4C6lXA6lmAGlOzdmOzanOzDnXz0o5AoonAGoFAYo4B6pwBgp4Cgp" /><g i="21" p="#^8PYm8PYotOEqPNksCMAtqLPuKJvv2Ibw$FbwYDbwfCvvzAPumzAt9yksuxEqQwYoQwYmQwZkuxhj9yBhmzmgzA6ffCqeYDKd$FKd2IKdKJreqL7fCMmgPNBhtOhj8PZk8PYm^HLYmHLtliLikVK6jaKiirJthnI1hkHBg$FBgGEBgCD1hyCthOBii3B6jFAikgAtlgAYmgAsoFAEp3BPqOBDryCrsCDTsGEjt$FjtkHjtnITsrJrsaKDrVKPqiLEpHLsoHLYm" /><g i="22" p="#^WAaj%WAqwWAgxIA$xuAKy$zizxzSzLyaAZxuARwuApwuA1wqAFvnAgvfA%nvBypvlyAvgyKvcybwcyFwcyZw6yix0yuxPxGxCxLxgxRxWwRxqw%Rxaj^oBrfoBRfdBcg3BygOAPgxA3h9AdhOznhoznh_ynhDydhhy3h0yPgLxygBxcgrxRfrxrfrx1fBxGeLxie0y2ehyNdDyDd_ytdoztdOztd9ADdxANdOA2e3BiedBGeoB1foBrf" /><g i="23" p="#^EGUlwG3mnGamfGgm$FgmMFgmxF7mjFZl$EOlHEClfEtlQDklbDklnCklMBDl9BVlLAtmlA0n8AOnXzAoXzzpXzAq9AornAbsNAKscBgtNBytnCQt6DQtRDQtiEFtMEtt4FftoF1tCFSsRFGs8GGswGGsIGYs%AH4u4HHutG5vTFvveFLvBE_vVD4wdDbwxCbwlBbwiALvfzivtysuHxBtexnsNw8rNwzpNw8obxXmBxKlnySkazZjkAtjuBZi$CZirEZiwFrjBGVjsHMk" /><g i="24" p="#^RBbwbAbwhzfvnyjunyEs%nyul%5xulRwulFwkluw9luwRk%uwCj%yyhj%bzNfezxfqzofCzffTzff%tBff%tBhj%REhj%REul%tBul%tBrstB1tMBnt4CItACItSCIt2DEtfDztoDvtxDqtEDmtMDhtTDht0Eht5EmtbEqthEzt%dF3vxEDvFDVvNCbwRBbw" /><g i="25" p="#^3E$v%gB$v%awaj%Kyaj3zajizljxzvjCzLj%5CBqiCbrrCMrBClsICWsPClsYCMr5DbrkDBq%SFLjYFvjaGljoGajIGaj%8Jaj" /><g i="26" p="#^fFGl7FTl_EYlRE1mEE1mpE1m9EVlVDNlzDDldDtlNCllmCdlNBdlSAdlkAClPz$lPzDmPz1n4AjnmABnOAPneB0oOBbomCloXCzoxDMo5E0pFEgp5FGpyF3qPFCq5G9r5GXr5GSsLFEtpFquLE$u6Ezv9DTvcCbwZAbwiAbwGz3w2zYvsyLvTxxvnxfvUwYuwwDu%exrtmxetyx7tKx$s1y$sjy$szyatQykt9zwtvzItYzTtqA1u6B1uFB1u2CVtsCMtICztZClt4D3tcDNscDuscD1sWCLrFCsrdCfrNB1rcBTqEAIq2AvqsziqTy1qjyMpSxmpqxXo9xloUwKnUwUmUw5mcxolwxGk7y8kKyCjEzijyAZiJBZi2DZi7EpjdFRjYFzk" /><g i="27" p="#^6GwtfHwt5IjtXI6tIJLs%IJsp%rHsp6HspWGhpKG5pKGQo%KGXm%LMXm%LMfu3MLujL7vAKuvKJJvUIYvWH3wYGbwRFbwTDbwcCvvyAPukzBt7ynsrxGqMwZoMwYmMwWkqxej5yxhjzjgxA4fgCpe$DKd9GKdnIKd_JoeCL2fKM5g%LLChtL4i$K4iIK4ioKTh_JEhzJph8JahEI$g8IPgvHIgTGBg2GBgJEBgDD2hyCuhNBki1B9jCAlkcAwlcAYmcAwoEAKp4BYqSBOrFCDsKD4tQEwt6Gwt" /><g i="28" p="%^yKWdyKHg6FHg6F$vLB$vLBHgiwHgiwWd" /><g i="29" p="#^vHdhmHuhaHCh$GJhLGJhvGJhbGxhTFkhsF5h1FSgsEGgUDtg6DtgpCtgUBEgnBOg0B6hGAphuAQhjAeijAKijAnjGAOj1BdkCBxkcCQkYC3lIDiluEAlgFRl0GcmMGymlH5nXHEnhIqoEIcpEIkqEIzrdIDsPHHt$GuucGhv1FKvTDbwnCbwwBbwGA0wRzSv3zyviyevDxOuZwmurwPt%qxcsyx1sKxWrXxOrayOruyOrRy3sdzjsIzDscAXsSAbtxBrttCrtVDrtHEMsuF4suFPquF5q7FFpNEcpbEUoBDAoRCno5C9ojBVnyAFnOzjn2zYmsypmTxRlwx$kax9kaxViaxWhzx_gYx2gIykftzCezAaeFBKd4DKdGEKd0GeenHKekIDf" /><g i="30" p="#^HN$v%5L$vFK$vnKNv5KzvZJev%DIyr%8Byr%OzevHzwvozMv6z$vGy$v%3w$v%9DWd%BGWd^$Bap%MHap%zF9jpFMidFdi2FGhTE2hIEGhxEeimENicEbj" /><g i="31" p="#^hBXo%hB$v%Wx$v%WxWd%rDWdhFWdBGjeWHHeMInfCJ3g$J0hoKZhoK7joK1k7KRkSJFllJkmRI_m5IunmH_npGho2HEowHkp%1M$v%0J$vAI$vgIQvYHEvLHjv%YDxpKDcptD4pdDXoJCXo^hBwm%oDwmlEwm2FhmLF2mcGElFGdlTGEk6H3k6Hnj6H$hcGghiFxgrDxg%hBxg" /><g i="32" p="#^SNYmSNYobNCqxMgskLtt8KGusIlvMG$vJE$v%Px$v%PxWd%JEWdMGWdsIBe8KgfkLtgxMFhbNjjSNZkSNYm^qKYmqKtl0KikDJ6jTIii8Ith4H2h1GCgJECg%cBCg%cBjt%JEjt1Gjt4HTs8IrsTIDrDJPq0KEpqKsoqKYm" /><g i="33" p="%^tElhtEsmkJsmkJLotELotEUtZBUtZBLo7xLo7xsmZBsmZBlh" /><g i="34" p="#^Ex$v%Exqd%KAqd%KAzktBRjnCpjhDZiuEZixFZilGkj9HHjIHkkfIZkxITlPIMmPIQn%PI$v%JF$v%JFQnJFFmaF0mEEnlyDnlLCnl2CKllB5mKAJm%KA$v" /><g i="35" p="#^AzWdOzWdYzYd6AZddA1elA4esAbezAieIAte%bKyq8K6q6KHp5Kgp5KVo%5KWd%3NWd%3N$v%jL$vWK$vFKTvoKLv8Kqv%IAojKANjLAbkNAAkNAVk%NA$v%Px$v%PxWd%AzWd" /><g i="36" p="#^Ex$v%Exaj%xzaj7AajjAKj%wAHkSAjkdB$jBBHj$BtjqCejVC6joDZiZDZiaFZiYFDjKGhk7HnlqHKkTHhkkIQjSIyjoJfj$J6jCKZidLZihMZi6NijXNDjvOfk3PTklPNlEPGmEPQn%EP$v%zM$v%zMQnzMCm0M$luLnlsKnlZJnlzJyl9JIlRI0mxIjmmINmcIencIQn%cI$v%5F$v%5FQn5FymAEZl3Enl2DnloCnlOBIldB1mKACm%KA$v" /><g i="37" p="#^ExaA%Exaj%xzajQzaj1AjjfAsjjAKj%zAWklB1klCujlDXiIEXiLFXiCGnjuHPj6IEkLItl5JHmrJVnrJuprJWq2J9sFIntXHhudHavcGHvbFbwWDbwRCbw4CSvkBwvKAXu%KAaA^EDnlGCnl_BNljBbmKAWm%KAGsfBjtSBAtuCQtcDQtVDQttEAt1FjtqFNsQFes1GqrfGBqfGupfGlo3GAnUFOmyFjmdFQlKEClfEnlEDnl" /><g i="38" p="%^3N$vGJ$vGJ5ocB5ocB$vPx$vPxWdcBWdcBIlGJIlGJWd3NWd" /><g i="39" p="#^4waj%xyajTyaj6zljmzvjqzLj%fBBqpB9rvBIrBBesGBMsPBesZBIr7C9riCBq%qEJjvEtjJEjjYE9jfF9j%CG9jYG9jaHjjoHtjtHJj%AJJqKJfrSJMr$Jgs7KNscKfsjKJrqKarAKBq%uMLjyMvjNMlj0NajkNaj%GPaj%CL$v%7J$vJI$vxIrv%eG1o7GGn1GjnXFXmTFAmOFYmIFknDFHnwF3o%aDrv$C$vvC$v%8A$v" /><g i="40" p="#^5Fht3GhtQGYsBHDs7I2sFIsrXIDqdJNpdJLo%dJWd%AMWd%AMLoAMmq3MKryL5tzK5uBJ4vcIEvQGbw5FbwlDbwYBEvAA4vBz5uDy5t6yKrCxmqCxLo%CxWd%ZAWd%ZAKoZAMpfBCqxBrr2C1sACDslDYs6Eht5Fht" /><g i="41" p="%^cJWdcJCgcBCgcBYlYHYlYHEocBEocB$vPx$vPxWd" /><g i="42" p="%^ex9nJD9nJDKpexKp" /><g i="43" p="#^hBEp%hB$v%Wx$v%WxWd%PDWdDFWdXGmegINe7Jyf$JigpKmhQKqiQKHjQK$koK5mYJbn4J_ncIMoUGcpAFEpPDEp^hB0n%PD0nKE0nqFNm6GymzG7m0HHleH4lsHsksHHjsHZieHni0HNhzGnh6GZgqFLgKExgPDxg%hBxg" /><g i="44" p="%^GAoptwajrzaj#NzajXzgj#6AmjeAAjVCSn#ZCEn3Drn#9DdniD0ntFEj#CFpjMFij#XFajaGaj0JajNEfpbJ$vcG$v#TF$vGFQv#tFEvkFqvBCYq#uCprhCIrUzqv#LzDvyzPv#mz$v2z$viw$v" /><g i="45" p="#^pxiupxVtyxztHxctXxYscyIsyyzsVypsizpsHzps1AzsoAIsEAYsUAct1BztbBVtbBiubBHu1B1vUAnvEADvoATv1A0wHzawizawVyawyy0wcyTvXxDvHxnvyx1vpxHupxiu^pxolpx$kyxFkHxikXx2kcyOjyyFjVyvjizvjHzvj1AFjoAOjEA2kUAik1BFkbB$kbBolbBNl1B7mUAtmEAJmoAZm1A7nHzgnizgnVygnyy7ncyZmXxJmHxtmyx7mpxNlpxol" /><g i="46" p="#^by$v%byvl%4xklJwglvw4lhwUkhwyk%hwhj%byhj%bylibyehwymgSyuftzTe5AgeZAXdSBCdZCCdSDCdDESd%zEpfxEMfdESfVDXfvDXfYCXfwC3g5CagNBtguBMgkBfhaBJhaBri%aBhj%wEhj%wEul%hBul%hB$v" /><g i="47" p="#^bCwz2CRzQB$zCBaAaBaA%SyaA%gB2v%4waj%Nyaj9zajlzmjyzxjFzLj%oCoqxCJqDC4rJCqrOCMrVCpr0D4r8DKqhDoq%RFLjYFvjaGljpGajIGaj%aJaj" /><g i="48" p="#^MAqd%MA3o%lB3oFB3oQB_n$BUncCEn%oFJjBFtjQFkj4GajsGaj%hJaj%iFXn5FcoSEqoEEEonEOoEE_oQEep1FupeFMp%wJ$v%JG$vmG$v6GTvSFLvFFrv%pCAqdCiq1CdqRB7qtB7q%MA7q%MA$v%Gx$v%Gxqd" /><g i="49" p="#^swzfTwbfnxReUxvetyge3z0eLzTdrAKdeBKdkCKddD1e6EjeLETeoFrfKFeg5G0h5G_h5GXiPFEjxFkk6FRkIEllcEJlJD5mhDrmRCMmxC4ndCon9COn%SBDp%LzDp%yzAnxzwnxzunxzrnxznnxzQmOzqm4A0muAFlVAilnBZkRBDkfCekGCRjXCljdDRidD9idDJh2DmhUC$gACLghCugSBmgsBdgZAdgfAdgLznggzxgVyKgzyWgky4h6ydhWxdhtxdhgxSg^PyiuPyVtYyzt6zctmzYsCzIsYzzsjApsJAps6BpssBzsOBIs2CYsiCctrCztBCVtBCiuBCHurC1viCnv2CDvOBTvsB0w6BawJAawjAawYz0wCzTvmzDv6znvYy1vPyHuPyiu" /></glyphs></font><font id="30" name="Lato"><glyphs><g i="0" p="#^qz5eKz5eUzae2AfefAve%DK$rAKGrzKnrzK3rzKMq%zK5e%HM5e%HM$v%sL$vaL$vZKVvNKOvBKzv%eA4igAoihAHiiA_iiAej%iA$v%ay$v%ay5e%qz5e" /><g i="1" p="#^Kzlj%KzprKzRsoAEt3BqupCqunDqueEZt5FvtQFGs%QFlj%2Ilj%2I$v%JG$vfG$v7Gxv%YFau7F4v5EEv4DbwLBbwJAbwWzRv7zvvAyTu2yfuNxntwxuswxpr%wxlj" /><g i="2" p="#^Px$v%Pxlj%8zljCzljKzOj%Vz5lCAektBHjlC8juD8jNE8jzFSjmGzkIGNlZG5loHBkQH5kmIMjVIrjwJij7K8jLK8jLL8jxMtjjNNjRNokoO$kGOUlZONmZOXn%ZO$v%LM$v%LMXnLMsm5MHlrLVkcKVkFJVk9J6lFIilhIGlWH2mIHDmuHbnuHXn%uH$v%gF$v%gFXngFpmEEFl1EVkSCVk1CVkkBmlDAOl2Azm%2A$v" /><g i="3" p="#^QC8jZD8jWExjUFVjAGDkhHllGHpm4Isn4IOo4IkpYHvpRHGpxHGp%6zGp8zTqrzMrKzEsgAetOAQtwB7ueCqu8DquZDquAEeubF1uDFPt3GAtlGotEGbtSGbt8HbthHpt%VHduvHJuWG5vlGsvHFIv1FXvkE2wEDawYCawEBawxAKvqzhvCyquPxztmxjsWw2rWwppWw4okxXmKxNluyXkfz5klADjsB8jQC8j^TCNkgBNklAJlqzEmbzho%4Gho4GwnSFTmFFdmeFLlQEhleE1lEDNkTCNk" /><g i="4" p="#^Px$v%Pxlj%5zljszljBzujKzCjNzYj%WzWlAABkxBSjuC6jND6jiE6jJEej9FljwFzj%dFdl8FxlRExlFExliEqlXDilhDil7CillBZlzAEm2AXn%2A$v" /><g i="5" p="#^iAlj%iA$v%3y$v%3ylj^OAmfOAHfFAZfxAfgjAtg5AHgOzPgwzXgbzXgSyXgAyPgiyHg4ytgSxfgKxZfCxHfCxmfCx2fKxLeSxre4yeeiy0eAyUdSyMdbzMdwzMdOzUd5A0ejAeexAreFALeOA2fOAmf" /><g i="6" p="#^sGBllGJlfGOl9GTlZFTlNFTlzFJllFzl$EnlFEblaE1lIDTk$CTk4CTkmBclFAxlaA9mHzNmrzGnczzoczFpczPqtzIrKzBscActGAPtlB7u1CruUCruIDrudEfuLE3u5FQtsFAtGFotVFbt7GbtpGbtyGpt%aHdulGev6FIvTDawvCawjBawiAKvhzivxytuNxDtlxqsWwcrWwFpWwfojx2nIxRlsy_kdz6kkADjrB8jTC8jcE8jdFAjfG$j1HNk" /><g i="7" p="" /><g i="8" p="#^HN2nHN3p2NJqpMmseLxt4KIusImvQG$vSE$v%ay$v%ay5e%SE5eQG5esIKe4KnfeLzgpMKh2NojHN1lHN2n^bL2nbLplKK6kiKOitJVhEI$gtHxgiG2gSE2g%CA2g%CA1u%SE1uiG1utHztEI4ttJbsiKirKK$pbLIobL2n" /><g i="9" p="#^6H$v%7G$vOF$vBFVvpFOvlFtv%5FiuBELu6E6vEDsv6DIvBCXv$B3wpBbwGAbwXzbwiz_vFyNvaynvIxYuqxku8xHt8xQs8x4syxorZxIqTyaqOzDphBhpNCXoWEUo%WEUnWEqmhEGlFDVkqCVkCBVk2B7lvAkl5ABlHzRloz2m6zfmPyfmByfmqy8mfy0m9yRl%Lx7lOy6k$zCjdB6jIC6jMD6jAEtjpFPjZFrkxG3lPGYl6HQm6HUn^lBDuWBDupCwuVCoukDauMDYt9EEtyEktWEXs%WEiqoDlqjCyqeBKqzA2rUzmrAzNrhzcshzKshzetrzBtCzYtTzbu9AquxAxuVADulBDu" /><g i="10" p="#^FBbw9AbwlzmvyywuyyXs%yycl%0xclPwclGw5lywZkywJk%ywQj%Cyzj%7zFf9ztfhzmfqzefEzef%MAef%MABj%oEBj%oEcl%MAcl%MAOsMABt8B_txBnu9CnuvCnuLChu0DbucD4uoDYtwDStFDMtLDMtWDMt3E_t%JE2v8EAvkDUvwCbwFBbw" /><g i="11" p="#^QAwo%QA$v%qy$v%qy5e%tD5eaF5epGreEHNesIrfgJ4gEJ$g1KVh1K2j1K$jKJQkrJFlSIjmhIYmtHqnFGUnDF7o4GooqGUo%EL$v%vJ$vQI$vwIuv%TD4pFDNopDFo9DwoFCwo^QAMm%mDMmqEMmdFwm1GfmAGNl7HjloHGkGH0kGHdjGHDhCGPgzF$ftD$f%QA$f" /><g i="12" p="#^PxhA%Pxlj%8zljCzljKzOj%WzilKAjkNBJjQC6jbE6jhF6j9Gxj2HYjFHNkhIBlDIPmZI0oZIApZI_qBIbsdIotwHhuQG9vOFGvNEawwDawlCawvBNvGAov2AHu%2AhA^sDVkmCVkyBplKAVl2AQm%2AXsFAMtnB6u6Cru0DruNEruJFbtGGWrGGApGGlosGtneGAmPF0mpFrlPEaldEVksDVk" /><g i="13" p="#^3FqlVEIlBEIlpEIlaEzlXDqlBDglfD5lMCYkiCOkFBOk5BOkEAYkbA5lSzllyzBlnzWldzfmdzEmdz7nvzsnNzMneA0oIAfohBqoTBBouCPo6D0pHDgphEwpLEUpdFgqvFPqNFmrNF7sNF$stFLt9FuuxE1vWDzv1DTv9Cbw_AbwGzbwByMvwxkvMwFu%ixPtoxEtxxztGxttUxtt6yttmyEtCyPtZy1ukzfuQzqulABu6BBuLBBueCquJCfu2DZtnDHtxDjtHDXsHDvsHD_rpDEr7DirFC3rcCPqCBEq0BsqoAfqNz2qbzOpByxp7y9pGxMooxco6xDn6xPm6x5mpxqlIxLkhyfkSyKjHzrjxA8jBB8jRC8jRDxjREWjzFCk" /><g i="14" p="#^Px$v%Pxlj%8zljCzljKzOj%WzalKAgkLBIjNC8j6E8j9F8jXFujKGQjgHtkOH5l3I_llISmlIXn%lI$v%7G$v%7GXn7GvmtFIlPEVktDVktCVkCBolMASl2AGm%2A$v" /><g i="15" p="#^XC8jkE8jrFCjzG3klHWk7IMlxIZmYIaoYIFpYI9rxIms7IztlHpuzGfvrFJvkEawXCawyBawqAJvjzfvwypuKxztjxmsUw9rUwFpUwaojxZmKxMlwyWkjz3kqACjyB8jXC8j^XCruPEruKFbtFGWrFGGpFGpnKF9mPEUkXCUk_BUkhBdlBAxl7A9mFzMmqzFnbzxobzGpbzOqqzHrFzzs7AatBANthB6u_BruXCru" /><g i="16" p="#^Aziu%qDiu%qD5iqDxhtD_g%gAJj8APj0ASjUzVjNzVjBzVjrzQjizKjdzDj%vyFi%RD2e%FF2e%FFiu%aJiu%aJ$v%Az$v" /><g i="17" p="#^$xfwQxHwuxUw8x6xNw6x%Rv6x%lDqewD0ePDPd6EBdxEBd%tFBd" /><g i="18" p="%^gHxp_Jxp_JPq#_J0rSJ9r#LJhrvJhrgHhrgH$vjF$vjFhrnxhr#7xhrXw8r#Mw$qJwNquwEpcF5egH5e^jF9i#jFQhkFsh#lF4hpFGgVyxpjFxp" /><g i="19" p="#^kHUgdH4h5HahZGghMGghzGghhG3h$FRgzFBg8FkgxE7gWDVf3DVffCVfDB7g$AlgAAJgaA5hYzBhKz5iKzHiKzrj6AXjuAqk4BNkHB7lsColdDEl1EWlREbmCFxmnGTmZGpnAHWnYHHokIspkIzqkIKrWHMswHOtLGzu_FjvSELvLDbwkCbwBAbw9zzvKxXuJwSt%qxIswxzsFxtsOxns_xnseynsAyFsWyXsqzhtWzDtEAVtmBbupCbugDbuXDYtCEIt4FhtyFRsOFfs2GEr2GVq2G5qGFApjF3pIEIo6ElolD6oACTnMBDnZAmnbA1nqzHmQy9meyClSxPkux$juxPiuxShSx_gey5gWypfDzJeFAjeHBUd1DUdxEUdMFne$GReWHKf" /><g i="20" p="%^iABdiA$v3y$v3yBd" /><g i="21" p="#^Px$v%PxBd%2ABd%2A1lSAakRBFjQC8j6E8j9F8jXFujKGQjgHtkOH5l3I_llISmlIXn%lI$v%7G$v%7GXn7GvmtFIlPEVktDVktCVkCBolMASl2AGm%2A$v" /><g i="22" p="#^JG$vfG$v7Gxv%WF$t6F_u3EAv1DawGBawBAawIzLvPykvbywuzxItdxvsUwhrUwIpUwjogx6nExVlly0l2z7k3ADj4B6jmC6jxD6jlEwjaFVjQFCk%QFBd%2IBd%2I$v^pCnuvDnujETt8FntQFss%QFkmdFwluEblLDRkSCRk5BRk8A6mbznnbzIpbzYqozQrCzIs0AhtrARt1B6uEBnupCnu" /><g i="23" p="#^jy$v%jyel%Ww4lFw0luwUkjwLkjwvk%jwBj%jyBj%jymijyhhCyrgWyBfuz0f3AqeSA7eFBQdFCQdwDQdeE4e%bEbfaErfZDvfNDyfpDyf%1DyfsCyf_BIfwBRfaBbgRAwgFA3huAChuAqi%uABj%8EBj%8Ecl%yAcl%yA$v" /><g i="24" p="#^xBKzpB_zeB7A4BhAKAhA%4zhA%oBfv%awlj%5yljnyljxyujIyDjNyOj%9CMrhC2smCksrCBsvCTsBCBsGCksMC2sTCLr%9GOjeGBjpGtjBGljPGlj%AIlj" /><g i="25" p="#^NKis_Kis8Lss%5Mvt$KMuqJuvSHbwFFbwJDbw8CxvzASuszFtlyrsJxMq6x4p6x2n6x1lMxljqyFhCzsgOAefsCze6EUd6GUd4IUdwJveYK6f3Mag%gLhhbLph3LuhYKzhLKzhAKzhoKshdKkhZJ9hJJ_gnJNg2JAgAIpg7IegvH6gUG_f5G_fFE_ftDughC_gpBUhyAOi3A6kBzqlBz2nBzJo3A1qyAlrnBfsdC9tlDEtuE6uOF6uBG6ueH0uTHWtpIJtYIwtqJdtUJVsnKusAKisNKis" /><g i="26" p="#^vDUdEEUdDFeeCGzekHdf2ISfsINgTIIhTITiTITjzIKkgIAlLHmmfH8nAGTnVFBo9Fmp%sAbuYA2usBZtZBTtsCTt%sITtPITt0J5ueJjueJEu%eJ$v%ix$v%ixevix$uoxLuuxvuHxhu%qDwo8EOnJE7njFsmKFNl9G6lnGqkBGJjBGXiBG9ilGzh5GZgFFAgdFbgDE$f2EOfnDOfICOf7C$fyBcg6BzgGAWgmAph2AUhWztiQzRiDz$iqz9j6z9j2z9jZy9jVy9jPy8j%FxXiQxJhkyNgQyQfBzbfmAyelBdelCUdvDUd" /><g i="27" p="%^mK5emK7gAE7gAE$v9C$v9C7glw7glw5e" /><g i="28" p="#^5w5e%1y5emy5eyygeLyqeSyGe%VDir5EJreEdsnEJswEftDEJsLEdsUEJr3Fir%5KGebKreoKgeCK5eWK5e%TM5e%AF$v%oD$v" /><g i="29" p="%^2B$vCy$vCy5e2B5e" /><g i="30" p="%^cJ5ecJ3gCA3gCA0mzH0mzHVnCAVnCA0ucJ0ucJ$vay$vay5e" /><g i="31" p="#^dwlj%2yljiyljtyujFyCjKyOj%XBXr6CoscCRsjCitpCKtvCitCCRsJCosVCXr%9GOjdGBjoGtjzGljPGlj%xIlj%oD$v%nB$v" /><g i="32" p="#^5xDu5xiucx0ukxJtxxwtKxit0yatjy2tDy2tZy2tfzatyzitLzwtZzJt4A0ucAiucADucAYu4AevZzwvLzKvyzXvfz3wZybwDybwjybw0y3wKxXvxxKvkxwvcxev5xYu5xDu" /><g i="33" p="#^KDUdTEUdQFdeOGyeuH8fbIKfzIBgYIrhYItiYIkjKI$jwIFk6IalIHGl7H1mzGnmRFAmBH2ntI8omJdpmJSqmJ5sTI4tpI3uBHMuOGsvJFQvEEbwpDbwZBbwYARvYzuvfzSuyyeu5yntFxwslxwr%iy7ryy0rPy0r3z0rfz7rszdryzrrAzvrBzzrDzCrFzGrQz1s4AuskAXsLAltaBLtOB1urCiunDiujEiu0F$tJFHtbGctFGIsUG6s8Hvr8HWq8HcqXGCpLG$oeGzoKF7oRETnYDDnyCDn%yC0mHD$luEMliFxlPF7lkGIkyG7kNGyjNGRiNG4ixGvhiGWgTFygsFagSE_fhEOfCDOfXCOfmC$fNBcglBzgVAWgBAqhiAVh9Ati2ARiRz$iFz9jlz9jhz9jcz9j8z9j2z8j%UxXi3yJhzyNg3zQfQzbfCAyeBBdeBCUdKDUd" /><g i="34" p="#^cI3fcIyfVHSfCH9gUG9g%hB9g%sARkRByk1DykrEykvFZkAGnliH6m0IQmoIPnMIOoMIYpMInrgIxsMHHtUGvu1GjvRELvGDbwjCbwxBbwOA1w4ATvszDvQymvhy1vLxHulxju%0ymtey1tCy1tSy1tazetuzqtXzFtoAUt_A5uBBhurChunDhu7E_tTEHtpF7tXFzsdGOrwG0rwG3qwGdpgGyo1GTnxFpn1FWmiEFmzDomAComVBomaBwmsADmGzTm%hysm%Kz5e%cI5e" /><g i="35" p="#^RCEoRBEoXAjo1AZnlzjnFyFmfyIlRxLkRxwjRxlihykhJyigvzxfiAMenBketCUdMDUd2FUd5Gje8HKeUHvfEIgg2JkhsJoisJGjsJskjJ9laJRlUIvmDI9neIPnSHtonHap%0DtvRCIvyCSvfC$vSB$v%Pz$v%gFSoxFvoMFao0GRndGwnxF4oGEmoPDEoRCEo^kHpjkHAi2HVhNGdhjGLgRFggbF0gxELfKDLfVCLfdC1gyBig3BMgBAehkAVh3Azi3Alj3AckiATkyAxl$A$ltBsm7CImNCXmBDXmuEXmaFEmTFlmlGSlQGnl4HKkkH5kkHpj" /><g i="36" p="#^6E1lbF1l8Gol6HKlQHqmzI5n_I5opJ4ppJmqpJBrYIFswIJtIHwuUGivLFLvDEbwgDbwVBbwPAMvKzkvYyyuayLtLxDslxurlx4qlxVoSxBnnygmxzKk%3EDeeEpeyEfeSE5egF5e%eH5e%1BYlFBwlrChldD1l6E1l^uztquzkrKz2s_zLstAgtYANtEB3ulCludDlu7EluRE3uAFMt5GgtCGLsUG2saHlraHwqaHEpUGXoDGeo7GLnDFfnWE_mdEJmoDJmuCJmMB1n2BknxASn1AnoLz3puzKpuztq" /><g i="37" p="#^KJ2nKJopdJ6rJIQsRHYtZG4vNFEvBEbwdDbwRBbwFAEvuz4vCyYtKxQsex6rKwopKw2nKwIkex_iKxfhCy7guz_eFAreRBUddDUdBEUdNFreZG_eRH7gJIfhdJ_iKJIkKJ2n^qH2nqH$k4HCjKGdi9GnhAFwgPE9g2ENfdDNfpCNfEB9gTAwgiAnhKzdiozCj2z$k2z2n2z5pozuqKzTriAJsTAztEBXtpCjudDju2EjuPEXtAFzt9GJsKGTr4HuqqH5pqH2n" /><g i="38" p="%^7Eqh7EMmcJMmcJso7Eso7EPtiCPtiCsoexsoexMmiCMmiCqh" /><g i="39" p="#^dDbwUBbwNARvGzuvSyQu3y9uDxdtbxgsbx5rbxnp4ygo_y8nGAFmfz8mxy5lPx2kPxBiPxChcyLgByUfizff0ACe$Afe$BUddDUdrEUdrFferGCe8HffSHUffILgEIChEIBiEI2kVH5lbH8mNFFmsH8nmIgogJnpgJ5rgJgsPIdtnI9uAHQuNGuvGFRvzEbwdDbw^dDqu5EquNEbuuFXtZFvtsG2tIGrsYGPrYG3rYG8qEGuplGQoQFqojF$nEEPnZDCndDCnuCCnPBPn8B$nDAqo6AQoOzupuz8quz3ruzPrKzrs$z2tuAvtZAXtFBbulCqudDqu^dDQl5EQlJEzllFhlJFRk6GpkhGQjsGfjsGEisG0ifGth2GWgEFwgeF5gDESf1ECfdDCfqCCfPBSfdB5gPAwgpAWgbAth_z0i_zEi_zfj9AQjlApkJARk6BhlJBzllCQldDQl" /><g i="40" p="#^aw5e%ay5evy5eIygeWyqe$yGe%IC6rOCrrTCQrZCds1DEs7DdscDQriDrrpD6r%DHGeIHreWHge8I5esI5e%8J5etJ5eGJgeUJqeZJGe%9O6rnOLrzOBsDObsHOPrLOrrSO6r%zSGeDSreRSge3T5enT5e%gV5e%HP$v%vN$v%ZIliQIYhJIrhFIHhBIWhxI9itIli%WD$v%LB$v" /><g i="41" p="#^OO2nOO3p9OLqwNqslMEtbLRuzJwvXHbwZFbw_DbwmCwvKARuAzEtqyqsNxLq8x3p8x2n8x1lNxmjqyGhAzsgKAefmCze_DUdZFUdXHUdzJzebLeflMsgwNGh9OmjOO1lOO2n^jM2njMplSL5kpLNiAKThMJZgAIugpH_fZF_fxE_flDugaCZglBThwANi3A5kCzplCz2nCzIo3A0qwAjrlBdsaC7tlDCtxE4uZF4upH4uAICtMJ7tAKdspLjrSL0qjMIojM2n" /><g i="42" p="#^Ux$v%UxBd%7ABd%7A9lWAfkXBIjYC8jgE8jmF8jfGzj8HZjMHNkoIBlJIPm3J0o3JAp3J_qHIbsjIotBHhuUG9vTFGvSEawBDawmCawvBIvFAdv0Anu%VzwvOz$vkz$v^xDVksCVkDBplPAVl7AQm%7AXsKAMtsB6ubCru5DruSEruPFbtMGWrMGApMGloyGtnkGAmVF0mvFrlUEaliEVkxDVk" /><g i="43" p="#^iAlj%iAWwiAHx5AlyUz$yszuz1z_zlygAGxyAJwyAiwyAZvuADvqAiviA%ov5zqvWywvTyBvRyNvRyTvRy$vRy6wSygwSyexSyExoy3yXx3yWw%3ylj^OAmfOAHfFAZfxAfgjAtg5AHgOzPgwzXgbzXgSyXgAyPgiyHg4ytgSxfgKxZfCxHfCxmfCx2fKxLeSxre4yeeiy0eAyUdSyMdbzMdwzMdOzUd5A0ejAeexAreFALeOA2fOAmf" /><g i="44" p="#^7F3ueG3u6HHt_HjtBIEscJZrwJ1rQJ5qQJZo%QJ5e%fM5e%fMZofMwqLLRrfLatkK8uqJ6v5IFvMGcw7FcwtDcw8CFvQA6vVz8u_yatuyRr_xwq_xZo%_x5e%pA5e%pAYopA4qJA0r2BYrEBEsfCjt7DHt0E3u7F3u" /><g i="45" p="#^4C7jVC7jDDjjlEujWERj%lIRj%lIFklI4lQHbl%oGolQGcmQGcnQG7otGUo6GEptFaqREIqZD$q6Dhr4ChrbBhrpA4r$zjrOzCrBzUrBzasBzDsYzSsjA4tVAbtwBhtgCjt1DktQDotDErtoFAt9GJtLG1ulHluIHUu4Irv4Ijw4I7xGHUxgHFyvGfzKFRzDEbAxDyA9CyAMAyAJzgAGy$z_xxzix4zYwtyCwSxCwcxCwgwcxCvOxYuRyzuiyju_xVtGxutGxNsGxvsMxdsSxWr3yErhylrAy5rTyQqhzDqly5qPxdphxlohxcnhxgmDxwl_xMkDyekgzIj8Aqj1B7j4C7j^1GGw1GcwMFWvvFDv2FtvBEjv$DfvqDavMC8v7C6vsB4vNA1vaAXuszgv$yLvzyewzyWwzylxNyIx$y4yszlyVzCyAAMygBWybCWy5DWyODMywECy$EiyvF$xMFAx1Gax1GGw^4CPpLCPpgDDpNDrp7E6puEMoFEioREQnREgnRE5m7EplqDJk4CJkKAJk1Aplkz5mkzgnkzQnvzioHzMo1A6poArpUADppBPp4CPp" /><g i="46" p="%^exznpDznpDspexsp" /><g i="47" p="#^Cz8oCzPqiAkt_ARvhC7ylCgynCmypCtypCzypCKyjCRydCZy5C2z%6BFzaAdywzOwSyovsyZt2yysSx6rGxFpGx8oGxDmSxal2yJjsyjiSyUgwzufaA3e6BCc%5CeddCjdjCrdpCydpCJdpCVdhC8eZAqghAYiCztlCz8o" /><g i="48" p="#^ay$v%ay5e%TD5exF5eJGqeVHKeGIlfsJXfPJPgbKGhbKMibKqjZJ2kMJFklJblXIIliI6mGHwmQGNmNIanNJcoNKdpNKUqNK1smKZsYJVt8JAukIfv9HDv$F$vvE$v^BAQn%BA3u%tE3uvF3ueGQt_GBttHatYHKsaI8soIyroIQqoIsppHEorGQnsEQn^BA6m%ND6mPE6mzFUljGFlOGgliHSkxHikMHJjMH2jMHthPGKgTF$fTD$f%BA$f" /><g i="49" p="#^Jz8oJztl1zYimyqg2x8eWwVdWwJdWwyd$wrd5xjdexed%dyCc9z3ePzuftAUgTAjihBJjtBalFBDmFB8oFBFptB6rhBysTAZttAovPzOw9zdydyFz%ex2z5xZy$wRyWwKyWwzyWwtyXwmyZwgy2x7ylyRv1zktJzPqJz8o" /><g i="50" p="#^axsuaxaugxWtnxFtzxttMxgt1y9tjy2tDy2t0z2tjzbtCzjtOzzt_zPt4A7ubArubAPubAnv0A_vSzBwzzbxgzNxPylynyVyPxnz%rx0zhxSyhxGyhxvysxjyAxbyMxYxZxKx9yqxmy7xxyMwIypwNy$v%Cy$viy$v1yUvMxMvzxzvnxmvgx4vaxOuaxsu" /><g i="51" p="#^OO2nOOjoxOsphOAqONzrjNysCMltVL8u1LKu%DPHz%DNHzbNHzQMzzuMrzbM7z%2JIvkIXvzH3wOGbwZFbw_DbwmCwvKARuAzEtqyqsNxLq8x3p8x2n8x1lNxmjqyGhAzsgKAefmCze_DUdZFUdXHUdzJzebLeflMsgwNGh9OmjOO1lOO2n^jM2njMplSL5kpLNiAKThMJZgAIugpH_fZF_fxE_flDugaCZglBThwANi3A5kCzplCz2nCzIo3A0qwAjrlBdsaC7tlDCtxE4uZF4upH4uAICtMJ7tAKdspLjrSL0qjMIojM2n" /><g i="52" p="#^UM$v%0L$vIK$vvKRviKGvcKqv%wI5r%uA5r%PyqvKyEvwyQviy$v_x$v%7w$v%hD5e%KF5e^aBlp%RHlp%1F3iMEohvEngmEUgdEkh5ELhZD4i" /><g i="53" p="%^NAwpwwljFylj#Wylj2zrj#azwjhzGjnCpo#uC4oICJnqFJj#yFyjGFsj#OFlj_Flj1IljNDopcI$v4G$v#OF$vEFSv#uFIvoFxvcCAq#6CXqXBdr_yxv#SyIvIySv#zy$vjy$vlw$v" /><g i="54" p="%^BAYtkIYtkI$vay$vay5eBA5e" /><g i="55" p="%^xJ5exJ5f#xJwfrJOf#lJ3gfJfgRBcv#GBxvoBMv#6B$vCA$v1z$vyGdh#IGWgTGFg#2HoggH9gWx9g#Ix9gxx_f#mxPfmxCfmx5e" /><g i="56" p="#^Qz5e%QzJh%DzFjBz2kpzgkezukSyukxyuklygkay2k5yFj%UxJh%Ux5e" /><g i="57" p="#^mB5e%mBelmBOllBlmkBTmhBqnfBYnbBxo8B5p3BLp%yzLpuz5pqzxomzYnkzqnizTmgzlmfzOlfzel%fz5e^JyDuJyiuQy0uYyJt9zwtmzitEzatXz2tgA2tBA2tTAataBitnBwtBBJtIB0uQBiuQBDuQBYuIBevBBwvnBKvaBXvTA3wBAbwgAbwXzbwEz3wmzXv9zKvYywvQyevJyYuJyDu" /><g i="58" p="#^awlj%WxljbyljmyujyyCjCyOj%1BXr7BoscBPsiBetmBFttBetBBPsJBosRBXr%xELjBEzjLErjVEjj8Fjj%5GjjlGjjvGrjGGzjKGLj%lJXruJnsBJPsIJetOJEtSJetYJNs3KksaKXr%EMOjIMBjTMtj3NljiNlj%ZOlj%TK$v%6J$vNI$vFIzv%SF_mMFImIFpmEF6mAFQlwF6msFpmoFImhF$m%sCzvjC$vXB$v%gA$v" /><g i="59" p="#^7ABd%7Apo%IApoYApo6BlohBhotB4o%tFNjFFBjRFtj1GljlGlj%nIlj%JDioxDwomDGocDQo_CYodD6poDjpADvpKDLp%HI$v%HG$vpG$vdGUv1GNvRFzv%HBnqvB6qjB1q7BYpLAYp%7AYp%7A$v%Ux$v%UxBd" /><g i="60" p="#^nz9dKzLdUzme3AYe3Ayf3AHgvzJhYyLiZxCj%hxbjax7j8x2j6xZi6xVi6xJiexBirxmiDx4iPxOhYxvh6ybhcySgiywgiy8giyKfayjf2yUeMxqeGxheGx8eGxRd0yId" /><g i="61" p="%^HM$vfK$vfKRnCARnCA$vay$vay5eCA5eCA4mfK4mfK5eHM5e" /></glyphs></font><font id="40" name="Lato Light"><glyphs><g i="0" p="#^ezjeqzjewzmeCzpeKzye%aLTt8Lvt8L8t%8Lje%fMje%fM$v%EL$vmL$vbLLv%HzpgKzNgKz6h%Kz$v%Cy$v%Cyje%ezje" /><g i="1" p="#^Vyzj%VyvrVyftIzfuvAfv8CfvlDfvoEDusF$thGVs%hGzj%uHzj%uH$v%QG$vtG$vsGGv%lGPtuFUulEyvdDbwRBbwOAbw0ATvfzyvKyXueyjuZxstIxBsIxvr%Ixzj" /><g i="2" p="#^0y$v%0yzj%Gyzj_yzj2zTj%9zGlwz9lWzKklAjkPA0khBIjPBxjlCmjWCmjhEmj5F9kVFYkcGmmqGBlQG1leHtkLH5khIJjUIyjwJmjaKmj5LmjQLGjzMZj4NAkCNalTN2m9OWm9O2o%9O$v%YM$v%YM2oYMdm9MglnLjkWJjkgJjkGIyk4INkDHflaHJlVGqmEG7nEG2o%EG$v%sF$v%sF2osFemJEhl$DjkCCjkBBjkKAWkTzxlczBm%cz$v" /><g i="3" p="#^ICmjLDmjEEKjxF5kbGNkRGtlcHumAHvnAHPoAH4pvHbpqHhpfHhp%gyhp%gywpgyWqBy_rWy2twzMt6AuuYARuPBcvSCcvODcvuE$uaFOuEFyu6GhunG4uFGTtNGTtYGTt1H$t%mHou3HMuzG5v4GqvtFFvSETv9E0wtD9wNC9wvB9wsAJvpzgvFyquVxztvxls5x6r5xwp5xbotx3nSxWlAy6lizhkkAQjnBmjICmj^JCfkLBfk_AykeARkGzpl6zZlMyMmqyynjywo%wGwowGwneGKmZFXltFolZERkgEykzDfkJCfk" /><g i="4" p="#^0y$v%0yzj%DyzjSyzjYyFj2zKj2zYj%9zAmLz3lLAckLBljdDljNDljfEtjJEBj9FPj%_EEkYERkKERkFERkwEOkoEKkaEGkZDCkGDzknDwk_CwkABwkGAolMzgmczVn%cz$v" /><g i="5" p="#^yzzj%yz$v%my$v%myzj^4Ahf4Avf_zIfUzUfKz2gBzbgozhgbzmgZymgKymgxyhglybgby2g2yUfYxIfSxvfSxhfSx2fYxRe2yDebyuelylexygeKyaeZyaebzaeozgeBzleKzueUzDe_zRe4A2f4Ahf" /><g i="6" p="#^cGdl8Ghl4Gkl1GnlWFnlOFnlAFclmF1l$ERkEEEk5EtkyDikNCikIBikTAHk2A3ltzNlVyumByvniywoiyMpiy4rCy5sWy6tuzPt2AvuRASuEBdvCCdvwDdv6E0vJEOu6FyuwFiuKF5uZFTt6GTtgGTtmG$t%HGouoGMuYF5vxFqvZEFvqEUvND0w8D9wrC9wfB9wgAKvizivAyuuTxFtuxts5xhr5xMp5xlotxanRx$lzy9lhzikjAQjmBmjJCmjWDmjSELjPF8kwGOk" /><g i="7" p="" /><g i="8" p="#^vN8nvNcpTMRqgMts9LDt2KMuvIovYG$v3F$v%Cy$v%Cyje%3FjeYGjevIXe2Kyf9LIggMRhTMujvN6lvN8n^aM8naMilFLSj8LpicKphhJpgZHUfFGmf3Fmf%Vzmf%VzYu%3FYuFGYuZHruhJVtcKVs8LVrFLtqaM0paM8n" /><g i="9" p="#^YF$vAF$vuFEv%jF3uOEzuhEZuNDmveDEvHCVv2C2wpBbwFAbw0Abwpz$vPyPvlyrvUx2vCxrukxQtkx_skxbsNxwreyRqbzlq8ARpEByp9DfpgFcp%gFUngFamwEflNDjkjCjkpBjkNAzk9APkJz6lhzpl$yFlKyVlyyVliyVlayHl%YxklWylk$zRj4BljrCljrDljbEGjXE_jqFAkWFalaG0mqGSmqGUn%qG$v^YAkvGBkvhCavUC0vpDKuWDsunE4uQEHtgFet%gF$puD2qcCgqWAuq5ASqgzerTyLruygsuyXsuyztHy0uUytudzMuzz3v0AcvtAkvYAkv" /><g i="10" p="#^pBbw9AbwrzvvKyOuKykt%KyRk%YwRkPwRkJwMkEwHkEwyk%Ew5k%MyXj%3zuf4znf9zifezcfnzcf%Xzcf%XzYj%RDYj%RDRk%XzRk%XzgtXzNt3A9ucAwurAMuGA$uZA6vhBdvFBdv5CdvqC5vLCYu_COudDEunDwuxDnuCDnuJDnuPDvu%8E1vFDzvWCTvcCbwpBbw" /><g i="11" p="#^gA$n%gA$v%_y$v%_yje%vDjezGje3IvfAJGgAJZiAJZjeJPkUIFleIhmAHVmEGjnJFJnzERnSE1o5Flo%bL$v%4K$vTJ$vJJWvAJRvsJGv%NDvoADdokD6o5D$nAC$n^gA2n%lD2nwE2nrFMmnGum0HZlFHrl_HIkkIZjkI1jkI9h5HfgSFkfvDkf%gAkf" /><g i="12" p="#^0yoA%0yzj%GyzjQyzjWyEj1zIj2zTj%9zOl_zGk4B0kbCljzDljSFlj7HXkpIwmpIIppI3r2IfsIHqt0HiukG9vjFFvjE9w$C9wJB9wOAIvTzevczju%czoA^dDjk_Bjk_AYk_zBlczLm%czgtWzluNANuFBdvMCdvSDdvHEQuwFqu3GHtDGYsVGXrbHWqbHIpbHWmaGDl9FjkdDjk" /><g i="13" p="#^SE5lNEhlBEhlsEhleE7l0EZkFDNkiDAkNCqkgCgkwBgkRAgkhAtkKzFkkz_kXyilJyKlvy9mvyEmvydnOyCn6z$nBzgo4AxoHALojBYoYB9pCClpdDBpRDQpkEcqQEzq7F5rqFCrqFmsqFat7FTtREzuhE4vJDBvVCUv5Cbw3BbwLzbwOyNvSxmv6xHu%oxfusx9uxx6uCx3uKx3uVx3u8ygunysuLyHu8zWuIz7vhAjv6BjvVBjvvC5v5DTuvDvuVD7u6EDtjE7tjEzsjEXr0ExrJD6rdDQqKCxq6ClqvB8qRAXpbAKpzzvpYygptyVo_xxoGx0onxvnnxJmnx3mFxslYxRkuynk0zVjNzEjyAmjuBmjDCmjvDHjoE0k7FHk" /><g i="14" p="#^0y$v%0yzj%Gyzj_yzj2zTj%9zLl$zGk7B0kgCmjFDmjGEmjsFHjeG0kLGDkgHelwH5mNHYmNH2o%NH$v%BG$v%BG2oBGimOFjl$EjklDjk7Cjk4BYk1AAlczGm%cz$v" /><g i="15" p="#^LCmj5Emj8FQjcGhkWG7lEHYl0I8npIjopIMppIer0IpsEHAtWGqucGfv8FIv5E9wLC9wpB9wlAIvizfvzyquRxAtsxps4xer4xMp4xjosx8nRxYlzy7lizhklAQjpBmjLCmj^LCdvSDdvHERuxFsu4GLtEG1tVG1sbH0rbHMpbHxoVGxnEGwm4GOlxF4lHEHkSDikLCikEBikPAHk_z4lqzOlSywmAyxniyxoiyMpiy0rAy1sSy1tqzLt_zsuPARuEBdvLCdv" /><g i="16" p="%^gz2dcA2dcAoAgzoA" /><g i="17" p="#^6HRqiHbrrHBrwHorBHcrGH0rMHQq%JOyePOneVOle0PjebPje%4Qje%4Q$v%YO$v%YOWgYOCg$Oeg%1IBsSHWsxHWs%kHWs0HWsQGBs%HzegKzBgKzWg%Kz$v%Cy$v%Cyje%uzjeGzjeMzleTzne_zye%6HRq" /><g i="18" p="#^QG$vwG$vsGGv%kGItwFQupEvviD9wWB9wEz9wmyAu4x_s4xPp4xsorxhnOx5muydlazlkaARjbBljvCljMDljHEPjCFhkhGbl%hGPd%uHPd%uH$v^gCbvvDbvvEzuvFWthGNs%hGdmzF9lHEJkQDhkJChkDBhkOAHk_z5lqzQlSyymAyzniyAoiyPpiyAskzUtmAbvgCbv" /><g i="19" p="%^yzPdyz$vmy$vmyPd" /><g i="20" p="#^wD6exE6erFpemGIe3HifMHUfaINgAIGhAITiAITjgIKkZHBlrHnmWG9ndGVnxFEoNEqp%ez3vEzZu3AWuvATuXATu%AITuMITuUI$u0J6v0Jiv%0J$v%Cx$v%CxzvCxrvGxivKx8vRx2v%TDXoDEaogFtnVFLmmG1mQGil5HyknHNjnHVinHXh2HdhJGvgaG2gEFAfWEmfdE7fsD7fCC7fVBofcBEfFA5g6AygLzbhpzPhgzzi8z$iMy$iKy$iIy$iGy_iDy_i%2yUibyLhFyTg7z_fQznfyALeuBreqC6ewD6e" /></glyphs></font><font id="50" name="Symbol Charset2"><glyphs><g i="0" p="#^cGYocGOqUE6sBDqtLBqtVzqtBy6shxOqhxYohx6nByPlVzvkLBvkBDvkUEPlcG6ncGYo" /><g i="1" p="#" /></glyphs></font><font id="60" name="LatoItalic"><glyphs><g i="0" p="#^bG$v%1F$vBE$vrENvhEyvhEdv%wEFs3EstyD6u1DLurCdvSBGvdBWvBAawVzaw9zawxyTvWxAvux0v3xruQwCtBwNsBwIrBwAqTwwp9xsoGxvnbyymVyMlEzZkxAokqBOjrCujtD9jBE9jpF9jaGijYGqjIHLj^KAjulBjuXBXtxCzt2DUsADcs1EhruElqREep%nFUk5FQkQEPkzENkiENkyDNkRC1l9ChlxBJlWA9mqAMmWzmnzz5odzPo0zEpPysqPyjrPyjuKAju" /><g i="1" p="" /><g i="2" p="%^8FrhtEOmBJOmoJpohEpoCDPtRBPtwCpoqxpoDxOmJCOmoDrh" /><g i="3" p="#^_w$v%czBd%oBBd%iAxmMANljB9lSBwksC4k3DEjIDpjmE9j1F9jEG9jyHkksIvlsIMnsINoeIPp0IQqDHMreHHsGGvt7GjurFVuMEvvYDRv9DawhCawhBawsALvEzjv6zxu%YylvSyGvIyRvyy$vay$v^cEXkBDXk_CjlnCHlOBmmeB0nKAWneAQoTzWp%uzctYzTtCA9uhBruZBruCCrubDauMDUteEqtJEYs5FkstFHrJF_qZFgq6GvpfGJofGZnfGumIFJlaFXkcEXk" /><g i="4" p="#^UAlj%mz$v%ax$v%Iylj^JBmfJBHfBBZftBfgfBtg1BHgLAPguAXgaAXgUzXgCzPglzHg7ztgWyfgOyZfGyHfGymfGy2fOyMeWyte8zfemz1eDzVdVzMdbAMduAMdMAUd2B0efBeetBreBBLeJB2fJBmf" /><g i="5" p="#^tEbuiFbuXF2uAGVt3HItyHvtUHgteI0tuIQsLIDsWIus5JlseJlslJlsqJosvJrsyJvs%mKvtbJNuFHuv7Gbw5EbwuCbwcBDvXz2v2z0uay_sIxzrex8qexpoex5mYx9kHydiYzQgdBqfXCFeFEUdDGUdAHUdlI3e7JdeLJxeoKReVKhfrLJfTLfg%4Ldh_KlhSKrhKKwhyKwhkKwh4KghQJ0hoJJgYIqggIagBHWfwGWf3FWfODwgxC5hCBaiHAfj9AOkDzkmDzeoDzDp_zJqmAPr$ABsEBmtwCNtpDbutEbu" /><g i="6" p="%^5x$vkzBdwBBdhz$v" /><g i="7" p="#^dGJtAFru_EVupEnvPDFveDXvBC2wZBawfBaw9AawjzOvtyqvUxLukx3u1x6tKw8sKw$qKwspdx2oIxEmzyzlqztkCAPjOB9jdD9jtE9jjFCjaG2kPGVk%6GKl1GRlWFVlPFZlGFZlvFZlkFPl9FFlUEtlDEgldE6lPDYkaDYkjCYkyBqlNAUlcAImDzwnizDoZyKpZy0rZyNr8zqsjz2tFzvt0AXtwAbu1BquIBqugCquICju8DbutD0uPDQt3EDtkEqtxEftKE3tVEYs4FQsfFQsvFQsGF2t%dGJt" /><g i="8" p="#^pBBd%5Apo%uApoKApoUAlo2BhofB4o%rFNjEFBjQFtj0GljjGlj%gIlj%oDiocDvo0DGoRCQoDCYoQC6pYCjp5DwpeDLp%1H$v%7F$vRE$vGEVvwEOvnEzv%9Bnq_A7qQA2qGAYpkAYp%VzYp%az$v%Zw$v%ezBd" /><g i="9" p="#^_xCt_xxt_xqt_xit$x4t1yRs3yus6y7sayxr%Zycl%yxcloxclhx6lax0laxPkaxNkbxGkcxykdxpkexgkfx7khxZjixQj%ezzj%aAFfeAtfmAmfvAefIAef%TBef%kBBj%FEBj%tEcl%7Bcl%mAqriAXrgAfseAzsdALscAXsbA0tbA4tbA7tbALtuA3uNAnuhBnuCBnuSBhu6CbuhC4utCYtBCStJCMtQCMtWCMtZCQt1DTt5D_t%zD2vZCAvbCUvpBbwCAbwpzbwIyxv$xTu_xCt" /><g i="10" p="#^_w$v%czBd%qBBd%oA8mnBFkACVjND9j2F9juG9jfH6k1I2l1ISm1I6n0Inn0IEnZHXn%0H$v%OE$v%LFXnNFHnOFsnPFdnPF0nPF_lqFul2F_kdE_kFD_k3DiltCBlVB9mlBJmSAwnnAjo0Ahp%cz$v" /><g i="11" p="#^$G2m$GTmFGAnkGgoqFQoxEnpYCOpnBcqVysqUyAqUyJqUyRqUy_qUyFsDzytmAquQBquqCquUCiumDauJD$t5EPtnEBtFEntUEbt8F$skFTsxFLsKFLsZFLs9GZs%IGFt3GjusFNuREfvcEzvADTvTC0wbCawoBawiAawqzPvzyrvZxNunx6u2x9tKwcsKw1rKw3qXw5p8x7oxxfnWxnmuyDl3zTkOzkkxANjpBtjhC9jiD9jgE9jYErjFFJj6G8kzGzkNG4l$GBl$G2m^aDMkoCMkJB5l3BplyA_l2AymGzjnjz4o6zZo2BKocCromD7o_DMnCEpnPE$m0FAm0F8m0FVlVEGlPEqlBEelnE1l0EVkGDMkaDMk" /><g i="12" p="#^rF$v$E$vRENvHEyvHEdv%WEAssEotUD3ukDJuICbv5CFvqBWvLAaw3Aawryawyx$uFwPtFwzrFwxqSwvp4xtotxynSxCmqyPl_y$kFzqklAQj8BvjXB9jPC9jKD9jvEwjhFTjPFyk%GGBd%SIBd%AG$v^VAnuvBnu6C0uJCEthD_sRDkslEqrREwqcFsp%CF5m8FrltEalPDUk8DUk9CUkmBulzA3m$z$mszWn9z4pSydqSykrSyPsozBtWznuVAnu" /><g i="13" p="#^GAbl%pzAv%QyayCy6zGx6z%Ow6z%uydl%ex3l1x$kVwUkNwNkNwzk%TwBj%HyBj%Rymi_yhhozrgOzBfpA0f1BqePB7eCCQdxDQdiEQdXE4e%JEefIEpfyEsfpEufbEuf4EufXDufPDufFDuf7DufGCEfdCOfSB8gwBughB2h2BChXAqi%OABj%YDBj%KDbl" /><g i="14" p="#^Tw$v%pykj%wzkjSzkj3AvjgAFjgA_jgA1kfA7kfAdkeAkkeAqkeAvkeAAkeABk%2AUmSA8lSBbkTCej_DejwEej1Ftj%EEBl2EmlvDmlhCmlkBymoAJnLz7q%2z$v" /><g i="15" p="#^Tw$v%nykj%vzkjfAkjfA4k%3Awm4BRklC$jCD9jZE9joG9jaH6kYH2lYHTmYH7nXHonWHEnUHXn%XG$v%JE$v%FFXnHFHnIFsnJFdnJF0nJF_llFvlZE$k9E$kyD$kWCkljCFlKBfmaBQmGAGnaAwoQzzp%6z$v" /><g i="16" p="#^qAlj%tznrrzDrqzSrpz4spzispzjtNzPtaAju_AjuzBjuaC$tNCHtlD7tVDysoEKrUEWqfFWp%1Glj%fIlj%JG$v%DF$veF$v0FQvPEEvPEhvPEgvQE3vRERuSEBuTEluUE8uVEWtVEVt%$EUs_DvuKClvuBawaAawLyawZxdvbxfubxrsbxbscxXrdxGrfxnr%cylj" /><g i="17" p="#^1FmlWEwlPEBlJEFlAEFlpEFlbEwl_DnlHDclpD1lZCUkyCLkYBLkoBLkWAVktA3l7AllOzClCz_lqzlmqzMmqzlnPzIncA2oNAjonBzo2COoKC1pjDppVDMpiEkqHEUqHENrHEFslEst$DfumDSuJCtvPBQvVAbwNzbwzybwDxMvIwkv7wFu%GwPtMwEtVwzt2xttfxttsxttFxEtSxPt8y1uryfuUyrumzCu3ACuGACu9BquFBeu$BWtlCCtxCbtJCMsJCisJCFrkChrXBVqlBFqMApq5AbqqzZpQyDpeyhpRxKotxbotxgntxtmNxKl6y_kIyqkizRj9Avj0B9j5C9jdD9j5ExjZEVjBFzk" /><g i="18" p="#^bGRmaGtn1GZnUFtoGFVotFkpdFIpZE4qLEsqxEQqoEdrfECrfE3sfEBsvE0tMErt3FUtnFluDFTuUFpvUF7wUF0xtFPx3FCyiEdzxDQzrCbAlByA_zyAVyyA$xjA6x5AuwGzSvgzwvHyav6yavpxavqwHvJvbw$u0xxuSx3uWySt$zEt6BEtzBEt$BHtsCJtUCNtNCytICitEC1tECKsEClsLCXrTCwr9D0rGCkr4CwrvBHrLAHr1AHrozsrMycrhyLqPxhqxxBpgxUogxZngx4nBxdmWxllzyFkczZj8Azj4B9jiC9jGD9jHEOj%7IOj%0Ixk$HLkTHWkMH5lwH8l%YFpl3GKl7G5mbGsmbGRm^mBhq1ChqyC$p3DIpqDdpNDKoZD8o9Exn9EWm9EQlBDgl1DIk3CIkoBIkTA_kmAfl0AJlGzamuzMmizlniz_niz6pRzIpoAhqmBhq^SDiwSD_vODIvKDqvEDavZC3vnC0vNBYufBYueAYuuz8vKyjveyDvLxWvwxjwhxIwhx7xhx1y1yvyOy_yaA_y$A_yGBMymCyyRCaykDPxBDkxSDRwSDiw" /><g i="19" p="#^BBruvCrufDXt$DrtwECs2FMrkFHqDFBpDFpoDFFmXENlfEUkYCUk1CUkhBolyATl0AImuzxnczDoWyIpWyUqWyEsBzythAruBBru^oBawmAawuzPvDysv$xNunx6u0x8tGw9sGwVqGwjpaxVnGxumyyqlqzmkBALjNB8j9D8jbE8j2FvjVFRjxGxk9HclvHbmSH9nSHooSH_pmHprSGPs_FTt7FXuXDzvLCawoBaw" /><g i="20" p="#^Tw$v%pykj%wzkjgAkjgA4k%5Akm1BMk8CZjfD9juE9jNF9joG1k$GVk$GymYHPk7J_jjK9jCL9j$M9jHN3koOZkoOHmoOZmmOhnlOBnjOXn%mN$v%aL$v%7MXnbMknbMQmbMUlTLslzL$kQK$kiK$kLJgldJxlJI3mdIAmNHlnmH6o0H6p%cG$v%0E$v%ZEXn0FBn1Fin3F$m3FKm3FRlMEqltE$kKD$k8D$kACil1CBlxBam2BKmCAznbAnoRzop%2z$v" /><g i="21" p="#^lwhA%pykj%wzkjgAkjgA4k%2AMmxAYl5BhlFBCkgC8kUCFjzDpjeE9jXE9jyG9jrHkklIvllIMnlINo7IPpWHQqxHMr8HHsAGvt1GjulFVuFEvvSDRv3DawbCawfBawtAPvIzrvazLu%vyhA^5EXkvDXkTCjlgCHlHBmm6B1nCAZn7AUoMzZp%mzbtRzTtvA9uaBruSBruwCru4DauFDUt7EqtCEYs_EksmFHrCF_qTFgq0Gvp9GJo9GZn9GumCFJl4FXk5EXk" /><g i="22" p="#^XzMzGzhAazhA%yxhA%hAfv%$wlj%Rylj6zljeztjmzBjqzOj%sBMrwB1syBisBBzsCBPsJBzsQBisXB0s4CLr%4GNjaGAjlGtjxGljJGlj%tIlj" /><g i="23" p="#^ywDuywiuGw0uOwJt$wwtdxitvxatNx2t6y2try2tJyat$yitczwtqzJtyz0uGziuGzDuGzYuyzevqzwvczKv$yXvJy3wrybw6ybwNxbwvx3wdxXv$wKvOwwvGwevywYuywDu" /></glyphs></font><font id="70" name="ArticulateBold"><glyphs><g i="0" p="#^LI2rLIlshIktQHjuYGZu5GCvTEYvFDiwaCiwUAiwUz6wUyXvJxCv%2yts8z2t6Ait5Byt$BytyCyt5DptEDgt5E_syEHsPEhs5FSr5Fjr5FtqxEZpZDtp6D5pgCJogBmogA_npzpnzyPm$xWlrx0lrxxjrx9iVx9hoy9gdzwf2ASe9ByegCeexDeeEEeeHFoeLGxeJHSe%pHKhIGphMFchQE_gUD_g8D_gCCbh4CohKBKhoB3ieBvi5BXi5Boj5B9kFBDkdC4l3DrlWDNlWE9mWFwmMG7nDHJnbIEoLIzpLI2r" /><g i="1" p="#^OFhoIFVm1F5mnEgl5DglGBglXA6mdAXm5Aho%OFho^5ABqaAtrvA4sQAHskB4tQBttsCFt4DRtLDRtYERt0Gtt5H5t2Iys%2Igv$GTvRF4wIEiwADiwnCiwbBZv$zEv1zTu3y5utxPsUwwrUwBpUweofx0nDxNlmyRk5zVjdAmjlBPiTCPiyEPiIFljTGSjCHSklIRlGIin$IKo$IBq" /><g i="2" p="%^Ox$vOxed8Bed8B$v" /><g i="3" p="#^BGTvQF7wZEcw7EiwfDiwLBiwzAQvozlvzysuLxztjxjsUw2rUwtpUw1ojxQmLxClxyJkjzQjtAkjDBPi5DPiiEPi6FYiWF4jnGej%4GUlEFHl6FylAEplQDplYCpljCKlGB3mfBDmQAbnCAXnoAHooAwpoAlqBA6rOASrdBrsEB0tiCmtYCHtTDHtsEHt9FxtTFmtsG5t%BGTv" /><g i="4" p="#^nF$vTE8wdEdwADiwWCiwYAiwTzcvPy5uPy3s%Pyzl%lwzl%lw6j%Py6j%Pyxg%aCsf%aC6j%8F6j%8Fzl%aCzl%aCBraCHsACbt$CHtODHt7EHtwEDtWEytgFmt%nF$v" /><g i="5" p="%^Ox$vOx6j8B6j8B$v^OxLgOxzd8Bzd8BLg" /><g i="6" p="#^cG$v%cG_ocGdo7Gzn2GUmOFqmyFXl6FGlGEplZDpl4DplwCRlYBhmEBXmkBBncBko4B3p4BEp%4B$v%Jx$v%Jx6j%UA6j%UASk%YASkdBskBB5kZBKjtCsjZC9jCD_igEPi7FPipHPitIdkyJClyJZn%yJ$v" /><g i="7" p="#^cGmpcGxo0GPnRF5nvFzmaF1mDEJl5EploDplUBpl8BymoAHnoArpoAbqAAUqMABr7B9svBJs0C2tyCntfDntDEntpFlscGjrcGmp^yJMuyJawcJpxTIEy4IzziHvA$F0BIEyBLCyBtByBoAjBjz5BiyGA%zyPxWy0yozcyTzoynAzyUALypBRyWBXylCXy$CXyLDMywEBy5F0yIFqxYFvwcGBvcGXt%9GXtAFWutEtvnD$v8C$vJA$vKztvLyXu6y3utxatax_rUwNqUwtpUwjocx7nwxXlay_kRy0kTzqjWAPinCPicDPiQD_isE9jVEsjnFKjIF6k2GukiGSk%lGSk%lG6j%yJ6j%yJMu" /><g i="8" p="" /><g i="9" p="#^LD1qaC1q7Byq5A2r5Ads5AWsAAot4BRtcCRtMCRtiDFtRDttgE2tMEys0FSrgFargF1q^AF$vwFBvuF9vsFJuqF3u%nF3ucFruQEQutEdvXDyvpDTvMC4w8CiwsBiwyAiwJz1wUyMvgyhvExOugx4uUwmtUwtsUw3rtxcq2ylpZySoUzmo3BcofC1opD1o%gF1ogFumyETlQDglqCglyBglxAzlwzRloyFm%iyNjbzojlA6jvBPiRCPiLFPi1H6kkIolkI9okIbpkIUpkIzqkI5rlICrmI2snItsnIXspIDtqIhusIWuxI$v" /><g i="10" p="%^WH$vfBXicBXicB$vRx$vRxxe8CxeOIBrRIBrRIxecMxecM$v" /><g i="11" p="#^nG$v%nGeu%kGeuDF5vzEIvwDiw4CiwYAiw7AWvizyvMyTufybu_xftJxjsJxbr%Jx6j%4B6j%4BZp4BHq7BnraB2soBzsDB3t3CntvCHtfDHt2EHtCEltaF_swFosTFOr1G$qcGbqcGjp%cG6j%yJ6j%yJ$v" /><g i="12" p="#^eN$v%eN3oeNBnaN7n6NEmWMgmKMUllMFlYLplkLplBKpl6KLlDJ5mkJHm2JgnWI2oOIPoOIHp%OI$v%sF$v%sF5osFznoF5nkFCm7FemWESlxEEl8EplwDplLCplfCOlMBbmuBOmdBon6B8o0BUo0BCp%0B$v%Gx$v%Gx6j%OA6j%OAVk%RAVk4BxkrB9kOBNjhCujMCbjmD$iZDPiJEPiyFPi9G$iNGbjdHwjGHQjZHekhIEktI4lYI8k_Juj1LPiuMPieNPiZN$iIObjhPKjTPhkdQflAQdmAQMn%AQ$v" /><g i="13" p="#^nFgmYE6mCE3mgE0mRD0mqC0mNBen8Bro8BEq%8B$v%Ox$v%Ox6j%MA6j%MA1m%QA1mUAulcBVkwBkk_BTjsCpj2D6jFDPilEPi2FPinFVi%nFgm" /><g i="14" p="#^4Gzj4Gei7FMhaEhhvChh%dBhh%dB_l%sC_lgD_lXDTlDEMl5FulAFblQFKk4Ggk4Gzj^TG$v%JEpqyEZpmEFpaElpVD8pEDXogDRoUCKolCKo%dBKo%dB$v%Jx$v%Jxxe%ECxedExexFJeRGVeMHqfIIXfcJTgJJPhJJjjJJYjvJCkiJglSIPlqImmLHMm4H9n7Gjn%7GmnRGtngH$nIHwo$Hep%NK$v" /><g i="15" p="#^TGwpTGHoIGXnyGbnbGDmRF3mjFKlOEpl5EplnDplPCLlfC5mSBGmtBengB_n4BJo4Bwp4B9qdBVqnBErIBgs2CUsDCitcDHt4EHtUEHtqFitZFUshGgsBGErKGVqTG9qTGwp^nKupnKMsXIxuvHiwYEiwcEiwEDaw4D2wECPvcCzvQBfvtBWu7Bwu%4Bwu%4BfB%JxfB%Jx6j%WA6j%WAXk%ZAXkIBMjJCijLDPiZEPilGPimHijnINj2JGkJJzl2KOmnK0onKup" /><g i="16" p="#^dG3sdG6tOFVtoFHuGEevYDMvXC1wWBiwJAiwJziwIy6wHxXv0xKv%dx_s2yntPyCtBzRtwARtoBRt2CstJC3tJCgsJCErhCjrRB_qcBMqzAxqOzlq2z8qpyLpMxlpkxGoUw_nUwPmUwMljx$kLxeksyLjazgj4A2j$APiYBPiUCPiPDYiLE4jBFhj%nFPlyEwlTDolcDgloCgllBglSAHloA5moAHmoAbnQAungBMnVB_nyCbojDqo4EFoIE5plFwpNFdqdGWqdG3s" /><g i="17" p="#^TGhpTGzoHGSnvG9n5GDmIF5m4FLltEplDDplQCplcCKlBB3mbBCmOA8nBAQnoAwooAepoAgraBusZBHtDDHttEHt5FmtJF0t6GrsvGRrHG2rTGeqTGhp^nKCpnKbrRJrskJHtpIyuvHovgGRv2FiwEDiw8CiwUAQvEzlvLytuTxBtnxnsUw8rUwEpUw1opxNmWxwlQyEkLzMjZAijcCPiDDPi0FPifGhjvHKjpIBkkJslRJKmnK0onKCp" /></glyphs></font><font id="80" name="Articulate"><glyphs><g i="0" p="#^iGmriGwq_F_pGFrp8F3pDEHoXDoofD5ovCKn$B6ouBpoZAHoyA3p7ArpSzYpBztqBzgrBzWrSzss7A_sBAot4BOtJB0unCeu7DeutEeunFutiGJsiGmr^MFuiMFXhxFxhiF6hTERgtEzgXDqgpDhgRChglChgPBsgiBCgSAXgrAgh9AJhTz9iTzKiTzej8AFjqA4kVAskoBQk2CclICzltDXl5EslxE3lZEFkeFhkwFVjEFujMF3jMFui^YIlrYICstIyt$HtuaH4vlGHveF$v7EiwRCiwLBiwHA$vEzHvOy3vZxrusxwtXwBsXwlrXwuqdxNpwx3p1yuoyyVndzunUz3nEAPm%EAMm2zbmcy6lnx0knxminxChJxTg3y7gNyyfvzYezABeDBee2DeelEeelFBelGXe1HvfJH3g3INgqIuhqIciqI6jaINjWHrkvHZk4HulvGVlWFjmgFFmVFUmyGfncHCnKHaohIKoCIwpYIhqYIlr" /><g i="1" p="%^XwdqXwjonDjonDdq" /><g i="2" p="#^DHxpDHlnHG5mLFQk8EQkaDQksCflLBFlgBlmOA0nzATnlAKolACplAwqAAnrQAdshBUsLBztrC_t8Dou5EouUEouyF0ucGDtFGZs7HjsnHrrDHzqDHxp^7Kop7KJqPJYrvJbtQI9uaI6v7HIv5GiwEEiwQDiw7D6wqCWvTBDvlBjvXAXuyAzuiAbu%fAbu%fA$v%$x$v%$xed%lAed%lA_k%oA_kYA4kYBwjYCXiDEXi1GXi3Huj5I0kMIVksJNlNJYm7K6o7Kop" /><g i="3" p="%^iy$viyejEAejEA$v^8yng8yKdOAKdOAng" /><g i="4" p="#^ZEXvDE3w3EawvDiwWCiw7CiwqB6wJAWvbAuvGz2vmzku2zCt2zys%2z8l%aw8l%awej%2zej%2zhg%oBxf%oBej%MEej%ME8l%oB8l%oB3soBusuBVsBBjtRBFt5C_ttCbuRCoupDoufEouZEXt%ZEXv" /><g i="5" p="" /><g i="6" p="#^TEjsTEmtuE6u5ESutDmvRCRv1C3wdBiwnAiwqziwCy9wOx0wWwBv%2xutzxPtny6ubzou$zou0BouHBXtnCttnCBsnCeseCZr5CHrOBrrvBar$AUqvACqMzgqfz0qJyJpbyppNx0pnxCo6x4oRwxnRwPmRw0l2y_jfzXisBXi5CXiRC5jBDejgErj%4EulODklsDdl7D6lMC1lqCXk6CUkOBQkABQkDAQk_zellzEllzmmlz9nXzDnyA5oGBBosCXo1DipDDEp1E3qsEuqFE2rTEBrTEjs" /><g i="7" p="#^WGKpWGNoHGVntG0n$FlmyFFlREfl8EQkdDQkkCQkFBgl$AIlyAom5A3nSzVnEzKoEzzpEzwqUzlr8AasCANs4BntKBKtoC5ucD5u$D5uGEMtlFqtRFRslGgsDGtrWGFqWGKp^hJwvhJixKIsycIDzhHjAnG$AaFgBZDyBGCyBlByBgAiBbz2B7yGA%nyvy$yMyxzZy3AbzBAlz7BvzHBzzfCEzWCEzODEzxEmzgF5zOFyykG$xDGaxWGlwWGdv%WG0u%TG0udGUu6Fsv0E$vDC$v7B$v4Aqv2zRunyXtJx0tqxVr8xNq8xHp8xCosxqnMxemsyel8zekeABjkBXiTCXivDXi5E2jIE8jfFojOFEjfG3kIGuk2H8l%5H8l%5Hej%hJej%hJwv" /><g i="8" p="#^WG$v%WGopWGPnGGVmqG_lZFxlBF9l5F$kBEQkcEQkaDQkrCelJBEleBmmMA3nyA1olA_olA6q%lA$v%$x$v%$xej%gAej%gAgl%jAglOAhkVBCj0DXisEXiYGXi6ImkhJMlhJoo%hJ$v" /><g i="9" p="#^fGoofGKn3G6nTFtmtFZl4FsluE8lUDQk4DQk2CQkoBglLAHlnAhm$zSmQztnGz3oEzoo%fGoo^Ez8qEz5rZzTrjAEsUActtBMteC4u$CouTDoutEou2FguEF8uaGXtIGKt6HxtxHjtNH6t%NHrv1HOv2G2w4FiwJDiwdCiw$ATvOzrvWyBu3yKtBxrs8x8r8xpp8xXnAxKm0yxlPyIkDzSjJApjQBXiaDXiJEXiNFujRG0kvH_kaIXlsIgnLIBoLI8q" /><g i="10" p="#^WGCpWGKoHGTntG0n_FlmwFFlOEfl5EQk7DQkqBQkxA9mEztnEzzpEzrqRzjr3AaswASsZAytDBZtiCoucDouaEouTEXtBFut2GOsvG6sIGgrWGpqWGCp^1H$v%1Hbu%ZGbuLGzulGXuYFjvoFDvREWv8E6wsDiwDCiwaBiw7AIv5z6vqy8uMxatsxXr8xHq8xop8x3ouxUmRxIlxyQkdzYjfAsjiBXiGCXilEXilFxjlG6kTG_k%WG_k%WGed%hJed%hJ$v" /><g i="11" p="#^DHBpDHHolHQn4HZmAGjm4GElkFelAEQkEDQkICQkYBeldBElIAjmbAZmVzQnEzHoEzBpEzrqTzjr7AasCASs5BytRBZtBCouEDouGEouqFZtaGytFGSs9HasoHkrDHtqDHBp^7KCp7K0rEJesaJrtjIlusHevgGMv4FiwEDiwaCiw_AMvOzdvWyiu3yntBx9s8xXq8xzp8x9oBxYm3yKlVyRkMzYjZAsjaCXiEDXi7FXikGsjxHYjmIRkcJKlFJZm7Kbo7KCp" /><g i="12" p="#^7FclRE4ltE1l5E_kQD_kTC_kcCslyBVl7BFmJAonxAjolAeplA9q%lA$v%$x$v%$xej%bAej%bAcl%fAclrANkNAnk7BYjyBEjZBkjuC8j0DXiBDXiYDXikE_iJE0j7F6j%7Fcl" /><g i="13" p="#^$G$v%$GZt%YGZtLGounGPu$FdvtFzvYEUvgE5wADiwMCiwlAiwazTu$xrt$xPq%$xej%lAej%lAHplAxqoAarrAOrzAhsHAMsUA7t5BttnBKtIB3uaCeuECou8DouYEouXF0tWGErWG8p%WGej%hJej%hJ$v" /><g i="14" p="%^JC$vJCph2AIjJy1i$CxedFxedF$v" /><g i="15" p="#^7Gxq7GZpXFmpMFKopFeo2FJnvEonZD3ndD3nGB3nOA2oXz1pXzxqXzar7AQrjAtsIA0t5BytGBUtfCeu0DeuQDeupEWt$ECtnF6tLFBsXFXr7Ggr7Gxq^NIuqNIRrlIWsWH_taHKuqGuvpFUvoEiwcDiwlBiwbAyv2zOuoyBtLxoswxUqixopixUnix9mCxrkXxIiKykhyzYfVA5fgCeenEeeQEeekFheQFjejGoeOGsedHzeFHFeZHNe%DH0hZGFgbGtgqFhgtEhgiDhgpCOgwBjhVAaijA1j_zbkGzklEzCm%JzBmDAIlxBmlsC0lAD0lRE0lPFslNGUlrHDm5ImnrImoNImpNIuq" /><g i="16" p="#^9Iir9IJsDHGt5HCuaGcvgFOv0E2wMCiwkBiwqAiwkz6wfyWvgxCv%qxitByRtvz2uqAeugBeu0CeuMC4uxDWt8EztLEbt7FDsvF2svFdrvFjqaFIpRE5pgEHoIDhoVC6o7CXncBXn%DzXn%DzUl%WAUlABUllCNl7DFlNDllsE0lUEsklFUjlF_ilFHhqE_gwDhgYBhg4Bhg4Avg5zIg2yeh%Ux$eWyFe$zse5BeedCeeZEeeuGwf$HNg$H0j$Hok0Hvl2GCmfEZm%fE0niFen1GFnNG3ofHDoJHbpXHTp9Izq9Iir" /><g i="17" p="#^fx$v%fxjttx6tYxHsrygs2zJraAHqiBDpqCzokDunfEpmPEjloFckoF4joFpi6FVhREohnE1hWDFgiDtgGChgZBhgUAhgUzDgUyYg2yph%OxffzyXeIzBeRAeeqCeeLDeeNECeQF_eyGFfhHjgFHch2I4i2I8j2I8kEH7lfH6mAG6nVF5o$E3p5E1q7D0rGCtrhCQrUBbsxBwsaBRsNAatoAvtWzXt%iIXt%iI$v" /><g i="18" p="%^zAKgzARl2HRl2H1ozA1ozA$v3y$v3yxelHxelHKg" /><g i="19" p="%^iy$viyedEAedEA$v" /><g i="20" p="#^AFVpdFVpNEUplESpZDSp4DSphC$pvB8qVArqjAKqZzcrEzGrEzisEzKsRz7t2AvtmAOtHA5u6BfuyBou0Cou4DouMD3usEJtREdtfFJspF9sAFBrAF8r^QF$v%QFlu%MFluwFHu9F2vOEoviEGvODXvaD6wyCiwOBiwWAiw5A6wgzWvBytvXx0vxxfu8xut8xls8x5rKxhqlytpez_o8AuobBiofC6o7D6o8E6oGE7ocF8oAF9oyFBntF$moFpm4FWlMErl8E8lwDQkqCQk8BQkaAgldzIlJy8m%By8kWyYjkzLjLzxjgAljOA9jrB2j5CXiUCXilEXijFkjhGIjRGpkqH6lGH5mWH3nWHeo%WHetWHHtWHquWH8v1I$v" /><g i="21" p="#^DHxpDHlnHG5mMFQk7EQk5DQknChlGBKldBqmMA6nyAZnlAPolACplArqzAirOA8sfBQsIBvtpCYt7Dou5EouTEouwF1uaGGtDG0t5HmsmHurDHBqDHxp^7Kop7KNqNJ2ssJitMIfu5Ibv3HLv1GiwDEiw$Ciw_BKvZAavoAeu%lAeu%lAfB%$xfB%$xej%fAej%fA1l%iA1lRAckYBAj4DXiAEXiYFXi$Gsj2IYjKIQkqJIlMJUm7K3o7Kop" /><g i="22" p="%^ly$vlyxe7Ixe7IKgRAKgRARltHRltH1oRA1oRAOt7IOt7I$v" /><g i="23" p="%^lF$vcC_q2z$vfw$vRAjpHwejDzejoCNndFejRHejLDjpfI$v" /><g i="24" p="%^SO$vSOUgOOUg1J$vAG$vOAUgLAUgLA$vfy$vfyxenCxeRH2teNxemRxemR$v" /><g i="25" p="#^yGNjyGXibGmiQFNhfFqhGE3hZDVggDKgBCKg%zAKg%zAPm%YCPmGEPmCF_lyG8lyGNj^cJKjcJblHIcmaIdnjHRnsGtokFLodE0p$C0p%zA0p%zA$v%3y$v%3yxe%GCxe7ExekFQeyG7foHLffIngJInhcJmicJKj" /><g i="26" p="%^FI$vLAEhHAEhHA$vby$vbyxeBBxeiJBslJBslJxeSLxeSL$v" /><g i="27" p="#^WN$v%WNroWNUnRNfnNNCmxN4mhNxlQMblnMQkDLQk5KQkbJ6miIoniICp%iI$v%YF$v%YFpoYFwmkFGlJEQkEDQk7CQkdB6mjAonjAHp%jA$v%Zx$v%Zxej%aAej%aA4l%dA4lrAKkLAlk4BYjyBEj0CkjHC8jnDXigEXiOEXikF4jTFcjmGwjRGPjfHikFHMkVHpl7IVkwItkWI0krJGjZJkjBK8jeLXiTLXi6NXiXNjjNOHjiPmkQP0l2QUlhQMmhQKn%hQ$v" /><g i="28" p="#^kH6rkHZr2HUsNGOt2GzukFjv4EPvRCiwYAiw3Aiw9z3wfyRvnxzv%DxetryBtqzRtqA5ugB5uTB5utCWt4DKtzDot2E2tmEwsGE_rGEirGEPqxEoqoEZp0EzpFD9p0DMooCmooBVntAwnHz3nWyBmmy0mOxrluxIkaxYjaxYiaxUhzx0hZx7gIyvfrzTesAzetBeeJCeeMDeeKEpeIFAevGSe%9G9hcFLguEBgMDrgYCrgtBrgEA1hPzChPzIiPzBjtAfk8BUkDCzlFD3mxEzmqF3n1GInFGlo_GapkH_pkH6r" /><g i="29" p="#^pGMvLF3wZEawcEiwsDiw2CiwSANvGzgvOynuWxttqxfsXw0rXwCpXweonx0nPxNlFyUkvz_jJAtjYBXivDXi8EXiUE4jEFcjiGrj%5GolLEQkADQkDCQkSBdl5BClyAgm0AVmJzNnrzEorzBprzlqFzcrTz2snAMsTAttGBXttCouFDousEou1FbuDF_tdGHt%pGMv" /><g i="30" p="%^Lyjzvwjz3ybtTAbt" /><g i="31" p="#^gF_eMEQefEQeWCQeoCvfTB9gTBVh%TBej%fFej%fF8l%TB8l%TB$v%wz$v%wz8l%ww8l%wwej%wzej%wz3iwzNgJzQfXzSerAdeYAAdMBgdBCXcQDXcAEXcnF4d" /><g i="32" p="#^JBvzTAdy7AUwnzzvPybugyOsXxkrDxRpDxgoDxFmXxclgyKjQynioz0h7AIfTAneJB4d%ZD4dgDkeACGfUB0hlBqiOAQjsAil7AMm7Ago7AMprAfrMAJsiB8uRByvxCUwdDfyZDvz" /><g i="33" p="#^ICgoICRpnCkr2COsuBbuWAzvaAUwrzdyByvz%lwvz3xdyLxSwrywv_y6uyzHsSzerbAMpbAgobAMmSzjlyzSj0ztivy3hOxJf5xnelw4d%By4drzmeaAFfWAYguBki2CIjnCblICFmICgo" /><g i="34" p="%^ZEUgvBxpsIxp^1L$vfJBrHABrWy$viw$vLDxenGxeLN$v" /><g i="35" p="#^tGjjtGYhuFlhvEKgRCKg%zAKg%zA1m%OC1mAD1mfESlWEHlpFllVF_kbGuktG_jtGjj^GH$v%ZEUpyEZo$DCosDeotCeo%zAeo%zA$v%3y$v%3yxe%oCxeODxe0FIefGTe9Hpf4IXfBISg7JNh7Jhj7J9kPIRkvIwl$H$lvHumRGOmcG6nwFen%wFhnaGwnyGZnWGpocH_o%xK$v" /><g i="36" p="%^3y$v3ybtTAbtTA$v^3y1m3yejTAejTA1m" /><g i="37" p="%^3y$v3ybtTAbtTA$v" /><g i="38" p="%^BEAgyEAg5zZpBEZp^5H0s5H$vBE$vBE0stw0stwZpwDxe5Hxe5HZpiJZpiJ0s" /><g i="39" p="#^dGBndGdm3GVkVFAjwFzi8FxhwEVgUDhgZChg0ChgnBWgLAzhnAyi$zxjQzNkGz0mGzdnGzxoPzOpZz3rlA3sJA2tmBEt$BeuYCeuEDeuaEVtIEzt3F$sqFrsEFKrTF0r$Fhq7GxpaGRodG8odGBn^TIdnTI_ozIDqfIgsyHxtRGOuJFyvBEiwYCiwkBiwbAyv2zOulyytExiskxFq0x0p0xdn0xhlmxEjJx_hsyNgbzAfiAVeqBeeZCeetEeeAFVeIGAfrHNgaI_hwIEjTIhlTIdn" /><g i="40" p="#^sIpqsIUrUH$slH6uqGRuvFzvhEXv4DiwMBiwUAiwWzawZy3w0yJv%5ymt7zXt_z5uRAeuJBeuACeukD_t4EKtDEhtaFPsuFbsOFyrOFMqOFRptF9p8FtoAE$n0ExneDintC3nAB3nqA3nBzfnMyrnbyJn%lyxe%YHxe%YHAg%HAAg%yAglZA8lEB4lkC0lMC0lUD0lWEqlZFPlLGxmxHen_HeosIdpsIpq" /><g i="41" p="%^BEMqBE$voC$voCMqaxMqaxzooCzooCkjBEkjBEzoQJzoQJMq" /><g i="42" p="#^TJdnTJIloJwkVIjj3IuidHEh2GbhUEKgxDKg%zAKg%zAOt%cDOtpGOt8IdsTJEqTJdn^xM6nxMjpTL_qeLEs0KLtOISu3HrvkF$v8D$v%3y$v%3yxe%dDxeaFxeSG7fyIIfPJPg4LVhOLvjxM4lxM6n" /><g i="43" p="#^YFYjYFjjLFGiyF0i9FuhMEYgbEDgDDhgTChg5ChgwBBgYAUgzAohaAUhZzyiMzcjMzYjMzzkXzal7ANluAimRAPmnB8nWBtnGCtnfEtn5FtmYFslYFYj^BICmBIoogI7qYHSr8HetkGBuYEsvBDiwwBiw5BiwCAfw7AdwDz8w8z3wHyZvfyTvWxKv%gyvtXyStIz2utAeuqBeuBCeuuDKtoEdt$ElsDFtrXFjqfG9pfGUn%cGVnfFRokEbppDwpkCwp4Bwp5A5p7zFosyVnOx9nsx9m7x9l7x0k7xEizxzh$xugLyLfvz$ewADeyBeeLCeewEeeFFZeOGHfrHTg5I3ilIzjBI3lBICm" /><g i="44" p="%^QB$v3z$vJFAgdxAgdxxehIxehIAg" /><g i="45" p="#^WG$v%WGjpWGSnHGYmsG1mYFxlyF8l3F_kAEQkcEQkaDQkrCelJBEleBmmMA3nyA1olA_olA6q%lA$v%$x$v%$xed%lAed%lA3l%oA3lDAIkZAkkkBYjQBEjkCkj_C8jEDXitEXiYGXi6ImkhJMlhJoo%hJ$v" /><g i="46" p="%^by$vbyxeHAxeHAOt$HOt$H$v" /><g i="47" p="%^RF$vJC$v8wxeXyxekEOtnEOtVJxexMxe" /><g i="48" p="%^dy$vdyxeJAxeJA$v" /><g i="49" p="%^AP$vmM$vyIKgvIKgGE$vkB$v2wxeOyxeZCut0DutLGxeiKxe4Out7OutjSxeYUxe" /><g i="50" p="%^cJ$vcJ1oRA1oRA$vly$vlyxeRAxeRARlcJRlcJxeILxeIL$v" /><g i="51" p="%^ED$vRA$vgwejRyejiCDtlCDtTFejdIej" /></glyphs></font><font id="90" name="ArticulateItalic"><glyphs><g i="0" p="#^LLbhIKLgUJBg5JrgnIrgnGrgUE6hpDNhrCVitB0k_AslvAUmvApovAar5CEsID5utG5u9H5uYHZtLIRtAJut%fJPvsI5wCHbwNGiw2GiwcEiwICOvcBiv6Aiu0zitqyPrRxjqRxjoRxen5y4mlyVkUyNjrzFihAFh7BFghCUfsD7fYEHetGeelIeetJeesKresLDeuM1f" /><g i="1" p="%^nz$v0x$v$AedlDed" /><g i="2" p="%^nz$v0x$vJzej4Cej^RCngbAngLAKdoDKd" /><g i="3" p="#^RGslhGblJF0laFQkBEQksDQkxCilDBMl_AzmlAln$zpoGztpGzEqGzysDAttABou4DouEDoueEguQE8uIFPt%gF$vAEbw0EewtDiwRCiwGBiwDA$vBzHvQy2v3youCxotaxosaxZqaxlpDxUn5yrm_yllTzekaBBjtCXi7EXiaFXiXF3jJGbjqHrj" /><g i="4" p="%^0DUodI$vdF$vBArpdz$vTw$vRAedcDedQAeoTAeoOGejfKej" /><g i="5" p="" /><g i="6" p="#^BGrnBGhmWFzlfFQkTDQkDCQkyBNltAJm$zoo%xGooAG1oAGSnBGHnBGrn^YIPnYIhoUIVoRIxpJI8q%Lz8qHzrqGzDqGzPqGz0rGzMsFAAtEBouBDounEoufFdu7G2ucHCt%QGMvLF0wWE9w5Eiw2DiwfAiwIyWuaxytaxzqaxgpCxWn3yzmXyslPzkk7BEjsCXiaEXioFXiiGjjcHHjNHlknI_kFITlYIMmYIPn" /><g i="7" p="#^EDSpYCSp9C_pnB5qHApq0AJqAzgr8zPr8zHs8z8tkzstwzMtPz_t7AbuvAiuTAoufBou7CouQC$txDCt4E_sDElsXExrgFJqoFSp^dI_mdISn$H_o%hHysdHKs8Hbt4HDtZG9uTGGuNGavIGGvGG$v%vE$v%WESt%TEStgE2v6DGvZBiwLAiwTziw7z3woyRvQxovgxXuYwhuEwDtEwMsEwtraxzqJxFpJy7pJzBo6BmovC6ocE6oEE6o0F8ooF9oVFboYFVn_FJn1Gxn1Gjn1G0mdFqlqEQk5DQk8CQk6B6l5AolbzVl%DzAjRAcjKB4jDCXifDXiaEXi3F8jYFkjEGPjlHhkNH3ldIRldI_m" /><g i="8" p="#^VJXmVJRnBJhp%cI$v%RF$v%hH5ppHrotH_nyHxnyH9nyHbmXGwllGQkdFQkaEQkmDllyCRlZBzmoBhn1B6oHAXozAzp%dz$v%Tw$v%OAed%8Ded%ABQk%DBQkiCUjkDqjnEXiGFXiLHXiQI1kVJ6lVJXm" /><g i="9" p="#^FH4f1HQetGQenFQeDEAfaE1gTDWgBDPhkDej%IGej%kG8l%UC8l%yA$v%by$v%yA8l%vx8l%Rxej%YAejcB4iqBghEBsgTBUf7CjfnCWeECxe$CbeBDAdqEgdfFXcnGXcTGXckH1dNH6d7Icd" /><g i="10" p="#^BHuoBHJnmH2n7HmmIGTlhGolIF6l7FQkqEQkvDQkLC9l0CultB1mBAVm7AboGztpGzJqGzqrRz4s0AKsoAftMAMtnB4u$BouUCouIDouqE3u8FKtEFetDGgs6H0rBHMpBHuo^5Kxo5KgqyJOr$IjtWHou1HivMFOvvEiwUCiwaAiwGyPuaxjtaxBqaxVoIxsnfy_lgzYkqAPjJBnj0DXisEXiIFXiKGijNHFjxInkhJ4lHJ8m5Kbn5Kxo" /><g i="11" p="#^aG8l%EC8l%wBoqsBKqnB7riBwreBTraBes7Bys5BSs5B2t5BouOCougDouGDiu5EbusE3u%5E0wTD5wzD9wfDdwWCewBCgwhChwZBiwOBiwYAiwmA1wMzMvpznv3zZuVytuLyZtLyttLy3tRynsXyHr3z3r%iA8l%vx8l%Rxej%HAej%kBhg%RDpf%2Dej%yGej" /><g i="12" p="#^VJVmVJrnPJ2oJJEoBJhp%cI$v%RF$v%nHBotH6ovHOnyHunyH9nyH6mVGtlhGQkdFQkaEQkmDklyCPlZBymoBhn1B7oHAZoyAFp%dz$v%Tw$v%dzCk%rzej%EBej%fBgl%iBgl5C_jeDtjnEXiGFXiAHXiKIYjVJYkVJVm" /><g i="13" p="#^4Heo4HxnSGWmFGjmfGSlRFolgF6lIEQk$DQkgDQkHC4l7CklIBMlfBdmUAPmyAonjA2o5AHoZznpRz3qRzJqRzgsDAbtqB5uIC5usD5uaEOtUEvttFXslG3sIGTq4HHp4Heo^IHWwvHTxYGIypGyzxFbAGEQAuDbBiCyBQAyBnAyBPzuBfzqBGyiB5yaByx$A$wRAzwDA%5xwyfy5zfzmzgAEzaBEzUCEz2EIycFMxEFPv%YFyu%VFyufFlvmEGvtD$v7C$vfB$voAFvyzjvSyGuby0uMx3tlx6slxSqlxZoWxnnvyMlDzEkqAQjsBojvCXiFDXi5FXigGyjsH9kYHul%$Hul%sIej%DKej" /><g i="14" p="%^tDdqTwdqgxjoRDjo" /><g i="15" p="#^BH0oBHwmRGGl5GQkMEQkdDQk0C1mABumeB3nUAEnFAhoqAVoiABpaAhqaAZqaASrrAvsJA8t9BztBB_t8CbuICougDouIEouJFmtGGqs7HZqBHwpBH0o^5KJn5KRpxJErZIrtJHHu1Hov1GRv2FiwDDiwACiwSB4w8BTvGAzvdAevYzSuHztuwz5u%tz5u%XxfB%BvfB%wyunzygnFyJmLy9mSywlZySk2zek8zBjbzej%oBej%ZAbl%0BblBB9kMCyjYDXivFXiDGXiuHkjlIIjXInkxJ1lPJVl5KMm5KJn" /><g i="16" p="#^cGelZF8lGF3lnF_kcF_k5E_khDwltC1mUBNmkBwn$AkoGA8pyAJp%dz$v%Tw$v%izbk%rzej%EBej%fBgl%iBgl5C_jeDtjoEXiAFXiVFXi9G_ipG1jJG9j" /><g i="17" p="#^0FuloE9lHD$k$CQkvCQktBQkNAbl5Axl5Aom5AVmqAjnLAJndB3oIBpogCNoRC8pjDCpOD3q7EHqsEjrsEbssElt_D8uwDWuOCpv5CTvdB4wlAiwwziwGyiwOxbwWw5wUvHv%lwGtlx5u0yfuHyougzouoAouaBUtYBntYBrsYBUrDBuriB3rPAHqlAjqMzYpbzBpJy7pfyFoWx4oBxunBxHmBxHl2y_kvygkczPjWzljLA8jBBXioCXi7DXiZD6jQEgjJFEj" /><g i="18" p="#^XQdmXQdnCQHo%4P$v%KM$v%mOhoAOdnAOJmAOXl5OolCNQkKMQkGLQkXKqlcK0mIJMmdJwnZIfoJIZoFIgp%9H$v%OE$v%tG3oxGMnBGmnFGXmFGKmFGXl9GolGFQkMEQkODQk3DnllCVlRBFmlBpn2BdoMA1pEABp%dz$v%Tw$v%izjk%tzej%GBej%nB_k%qB_kaCSjfDpjkEXitFXiQGXiIHzjAIbkRI9lRJ0kUKujYLXinNXi9OXiPObjuPrjXPTjpQjkGQWkXQwlXQdm" /></glyphs></font></bwFonts>