﻿<?xml version="1.0" encoding="utf-8"?><bwFonts xmlns:xsi="http://www.w3.org/2001/XMLSchema-instance" xmlns:xsd="http://www.w3.org/2001/XMLSchema"><font id="00" name="ArialBold Charset1"><glyphs><g i="0" p="%^lA$v4w5eNz5etCoqLF5e2K5ebNBqWP5ezT5edP$voL$vQHCigE$v" /><g i="1" p="#^$wkp$wDnQx1mGyqkdAAjMBKiGDKiCGKiuIFknKzmnKtpnKqstImuAGhwHDhwVBhwhAuvGyGuQx7t$wzr$wkp^wAwpwArrqBtslCutHDut1FutXFtsRGrrRGupRGAnXFzm1FxlHDxllCxlqBzmwAAnwAwp" /><g i="2" p="#^jG$v%jG2uCF5vsEHviDhw0ChwJAhwGzJvEy8vay6uJx3tJxer%Jx1j%8B1j%8B_o8BJrkBlswBYs0CjtwCGtiDGtaEGtSEbtzFIsPF$r4Ghr4Gvo%4G1j%vJ1j%vJ$v" /><g i="3" p="%^Nx$vNx5edB5edB$v" /><g i="4" p="#^GJ$v%uG$v%uG5uIFcvCELvxDhwrChwcAhwCyuu0xHs0xtp0xamzysk7AKiuCKiFEKifGyk%fG5e%GJ5e^wAepwAjr5BesWBAtqDAtBEAtqFAsgGzrgGzpgGknsFlmEEmloDmlaCmllBkmwAinwAep" /><g i="5" p="" /><g i="6" p="#^9w1j%Pz1j%VCes%XF1j%vJ1j%WEvv%5EMxEDUydDuzPC5AhCtAMBRA_A2BdAfBezfBfyfBix2B%$wmyOxwysywyEzwydAPxOA6x5B1w" /><g i="7" p="%^NxghNx5edB5edBgh^Nx$vNx1jdB1jdB$v" /><g i="8" p="%^Gx$vGx5e5B5e5BBn6F1jkJ1jVEMnFJ$vXF$vHCaq5BRr5B$v" /><g i="9" p="#^iFSr%JIrs2IjuDGivcFhw4DhwHzhw3y4uNwjsNwCpNwomtyzk9AKiKCKiDFKiiHFkZIzmUIvq%iAvqlA1s7BTsWBJt6DJtWDJttEht0FRsiFSr^uFposFVmJE8m_DmlXCmlPBml4BamlA$mmApo" /><g i="10" p="#^KD1j%KDMl%oBMl%oB_qoBAssBRswB5tLBgt$BrtlCrtPCrtJD6t%0EMvPChwiBhwnAhwDzZvUyFvxyavbyGu3yQtYxetYxqr%YxMl%nwMl%nw1j%Yx1j%Yxsg%oBse%oB1j" /><g i="11" p="#^4B$v%Ex$v%Ex1j%QA1j%QATkEBzjiC9jYCKiNDKiYEKi1Gnj%_Enm6EPlmDPlECPl8CdmEBCmmBFn4BHo4B_r" /><g i="12" p="#^zwis%0AMreAMsVAitABPtOCPt7EPtOEjtfF_sfFpsfF0s$ELrLEwrSDjrHzoqByDp2xAo2xJm2x1lnyUjJzKiwCKi9FKisGCjMHtkfIam%0FMmPE$ldEClEDclACcldBclDAAleARleAhmeAEmAAUm2BenNDSnxGuoCHopHIiqHIXrHIJtbH$uIFhwOChw8AhwBydv2x8uzwis" /><g i="13" p="#^xx1j%HA1j%HAOkoCKiKEKi_FKiUGfjPHMjoIOkfJMjeKfjeLKilMKiNNKiMOjjLPUjfQ0lBQRlBQIn%BQ$v%aN$v%aNAoaNFmPM5mlMmllLmlDKml_JOlmJem4J5nOIXnOIMp%OI$v%nF$v%nFUonF$mbFsm$EUlCEDleEmlADmlNCml8COlwBdmeB1nYAQnYAHp%YA$v%xx$v" /><g i="14" p="%^cA$v6w1jrz1jSBxr5E1jpH1jzJxr2M1jqP1jgL$vZH$vKFFnxD$v" /><g i="15" p="#^cB5e%cBGkSCKi9FKimGKijHajgICjKIikdJ_koJPlAJEmAJoo%AJ$v%9G$v%9G8p9G6nYFzmMF$lgFHlMEml1EmlaDmlvCNlQBbmwB1ncBSncBvp%cB$v%Nx$v%Nx5e" /><g i="16" p="#^hw1j%by1j%by2ibyqgxyDfUyPePzjeLAOdbCOdEDOd2Fee%BEDgMDqg0DqggCqgXBNgDB7hDB6i%DB1j%bE1j%bEJl%DBJl%DB$v%by$v%byJl%hwJl" /><g i="17" p="#^9Fnr%1Cnr1CIq1Czq1C2pxC4o1D5nxETl1GFkkGhkNGGjNGYiNGYh_FfhbFxgQDxgwCxgEBhhMA0irAyj%hx9jqxZg8zrfTAVdHDVdEGVdnIsf7K$g7K2j7KbkuJclRIdmLGYnFFSooFqp8FZp9Fnr^1C$v%1Czs%uFzs%uF$v" /><g i="18" p="%^wC$vwCsoYv5ebA5epEalxI5eHM5e6Guo6G$v" /><g i="19" p="#^5JSm%IFtnxFsmWEYlkErlmDrl4CrljBjmzAbnzAhpzAArkBxs6CutqDutnEut$EXsEFnsUF1r%gJBrKIWtfH6vMFhwfDhwpAhwJyvu1xIs1xwp1xjmJyxkqAKijDKiHFKi4HMjuINk5JSm" /><g i="20" p="#^Hx1j%UA1j%UAXkwBYjACljEDKiWEKibHKiLIwkkKhmkKrpkKHsKIuu9HhwVEhwQDhwYCSv4Crv7Bou%7BWA%HxWA^4Bip4BtrXBwsPCzt3EztfFzt2GCsRGErRGtpRGqn0GrmcFsl$DslLCslVBqm4Bon4Bip" /><g i="21" p="#^gGWA%gGpuBFgvAENvADhwqChwdAhwNyDu6xHs6xmp6xemHyukgAKiCCKiVDKiREhjOFQjxGXk%xG1j%HJ1j%HJWA^nGmpnGmnzFomLEqlxDqlhCqlrBqmCApnCAxpCAHrpBEsdCAtpDAtBEAtuFwsnGsrnGmp" /><g i="22" p="#^AJ$v%9G$v%9Gnp9GhnWFGmIF2mcFIlJEml1Eml8DmlqCSlJBlmsB9nbBYnbB7q%bB$v%Mx$v%Mx1j%YA1j%YAXkECKidFKimGKiiH8jeIyjJIbkcJQkoJElAJrmAJXn" /><g i="23" p="#^Ex$v%Ex5e%4B5e%4BykFCKiQEKicHKiLIskiKamiKnpiKIsJIvu8HhwTEhwMDhwHCKvCBavQA5u%QA$v^2Bep2BfrHBcsACAt2EAtbFAt_FCsNGErNGxpNGknZFlm9FmlWDmlHCmlSBkm2Bhn2Bep" /><g i="24" p="#^txRw%oBkxuB$xRBgykCDynDDyJEDyoFdyRFYx4GlxeGXweGNv%eGUtIE$vmC$vKz$vdyNt0x1s0xrp0xamAysk9AKiuCKiUEKisGRk%sG1j%GJ1j%GJFuGJYwhJ5yVIezdITzyHwAoGTAfFfBwDfBdAfBQy7Asx$ysxgxsx5xtxRw^xAepxAjrkBgs7CdtiDdtzEdtqFesiGfriGkpiGjntFlmEEmlmDml7CmlkBkmxAhnxAep" /><g i="25" p="%^Nx$vNxzsdBzsdB$v" /><g i="26" p="%^Px$vPx5e4L5e4L7hqB7hqB5lpK5lpK6oqB6oqB_spL_spL$v" /><g i="27" p="#^lA_m%expmMxyk2zEjkAKiSCKi8FKigGhjoHQjRHGkjIvljIKn%gIKrgIrtrIfuCI3v2J$v%FF$vxFFvkF_ufFGucFAukErvkDSvkChwbBhwbzhw1ycvUw6uUwssUwmrpxvqXxDpTyapQzJoCBno0EWnXExn%XEbnXEcmsENlZDmlCCmlHBmlaBJlGA4mlA_m^XEMphE_pRCiqqBBq_AUqjAmrjA5sjAPsRAltoBTtdCTt8DTt_DgtCEOsPE7sXEHrXEsq" /><g i="28" p="%^sysmsy1jTB1jTBsm^sy$vsyzsTBzsTB$v" /></glyphs></font><font id="10" name="Arial Charset1"><glyphs><g i="0" p="#^ZC$v%ZCpo%3w5e%Yy5e%tCvjsD$kiEwm5F6lfGmj%JJ5e%tM5e%kFpo%kF$v" /><g i="1" p="#^wGPr%NI5sfI5uOGbvlFhw4DhweAhwzyxuVwNsVwDpVwlmByykhAKiZCKizFKicHwkSIhmSIupSIHpRI4q%az4qizcsnAlttBuu5DuujEuu9FRt0GctwGPr^izgo%yGgooGDmIFPlFEyk_CyktBykrAzlpzzmizgo" /><g i="2" p="#^Mw7s%XyNr7z5tYzOtOAuuiCuuPDuuxETtgFftgFqsgFGrDEfraEYqnCvqYzUp0zsp5y$oCxdo7xqn7xtm7xClwxTkWx7kCyEj7zgj$z$iUAKiVBKiqDKiAEajKFCjhGmkQG6l2Hnm%UEGmLEGl2E6llDyk3CykyAykUz2lfzylfzdmfzEmwz_mNzlnmAznHAHniC7oEELozF8puGxp$GiqxH3rxHbsxHhtUGfufGdv1FLvQDhwiChwNzhwsyev7xbuMw7s" /><g i="3" p="%^Ux$vUx5ekA5eJJ8sJJ5e$L5e$L$vzJ$vaAXhaA$v" /><g i="4" p="#^QwwpQwVlQyakvAKiVCKiAFKigHukZIemZIkpZIQrdIgttHIu1GvvBEhwVChwaAhwvyyuQwOsQwwp^4zwp4z$r9AftfBuuVCuuxEuuCFetIG_rIGrpIG1nCFOlxEykVCykfByk9ANl4z0n4zwp" /><g i="5" p="#^cxhncxQiBzjg_BNdMFNdfINdeKZeeM8ggNgijOokjO3njOOpdNYr7M5u6Kcv5IiwMFiweDiweB4vfzStdyLrcxDpcxhn^EzjnEzyqnBps7DguLFguqIgu8KosTLwqTL3nTLTk7LfjoKChZIJgyHPfNFPfgDPfsByhEzgjEzjn" /><g i="6" p="%^Qx$vQx5ebA5ebAZm3J5ehM5eNEllDM$vvJ$v7DXmbAOpbA$v" /></glyphs></font><font id="20" name="Lato"><glyphs><g i="0" p="#^7F3ueG3u6HHt_HjtBIEscJZrwJ1rQJ5qQJZo%QJ5e%fM5e%fMZofMwqLLRrfLatkK8uqJ6v5IFvMGcw7FcwtDcw8CFvQA6vVz8u_yatuyRr_xwq_xZo%_x5e%pA5e%pAYopA4qJA0r2BYrEBEsfCjt7DHt0E3u7F3u" /><g i="1" p="#^3FqlVEIlBEIlpEIlaEzlXDqlBDglfD5lMCYkiCOkFBOk5BOkEAYkbA5lSzllyzBlnzWldzfmdzEmdz7nvzsnNzMneA0oIAfohBqoTBBouCPo6D0pHDgphEwpLEUpdFgqvFPqNFmrNF7sNF$stFLt9FuuxE1vWDzv1DTv9Cbw_AbwGzbwByMvwxkvMwFu%ixPtoxEtxxztGxttUxtt6yttmyEtCyPtZy1ukzfuQzqulABu6BBuLBBueCquJCfu2DZtnDHtxDjtHDXsHDvsHD_rpDEr7DirFC3rcCPqCBEq0BsqoAfqNz2qbzOpByxp7y9pGxMooxco6xDn6xPm6x5mpxqlIxLkhyfkSyKjHzrjxA8jBB8jRC8jRDxjREWjzFCk" /><g i="2" p="#^QC8jZD8jWExjUFVjAGDkhHllGHpm4Isn4IOo4IkpYHvpRHGpxHGp%6zGp8zTqrzMrKzEsgAetOAQtwB7ueCqu8DquZDquAEeubF1uDFPt3GAtlGotEGbtSGbt8HbthHpt%VHduvHJuWG5vlGsvHFIv1FXvkE2wEDawYCawEBawxAKvqzhvCyquPxztmxjsWw2rWwppWw4okxXmKxNluyXkfz5klADjsB8jQC8j^TCNkgBNklAJlqzEmbzho%4Gho4GwnSFTmFFdmeFLlQEhleE1lEDNkTCNk" /><g i="3" p="" /><g i="4" p="#^ay$v%ay5e%TD5exF5eJGqeVHKeGIlfsJXfPJPgbKGhbKMibKqjZJ2kMJFklJblXIIliI6mGHwmQGNmNIanNJcoNKdpNKUqNK1smKZsYJVt8JAukIfv9HDv$F$vvE$v^BAQn%BA3u%tE3uvF3ueGQt_GBttHatYHKsaI8soIyroIQqoIsppHEorGQnsEQn^BA6m%ND6mPE6mzFUljGFlOGgliHSkxHikMHJjMH2jMHthPGKgTF$fTD$f%BA$f" /><g i="5" p="#^XC8jkE8jrFCjzG3klHWk7IMlxIZmYIaoYIFpYI9rxIms7IztlHpuzGfvrFJvkEawXCawyBawqAJvjzfvwypuKxztjxmsUw9rUwFpUwaojxZmKxMlwyWkjz3kqACjyB8jXC8j^XCruPEruKFbtFGWrFGGpFGpnKF9mPEUkXCUk_BUkhBdlBAxl7A9mFzMmqzFnbzxobzGpbzOqqzHrFzzs7AatBANthB6u_BruXCru" /><g i="6" p="%^iABdiA$v3y$v3yBd" /><g i="7" p="#^6H$v%7G$vOF$vBFVvpFOvlFtv%5FiuBELu6E6vEDsv6DIvBCXv$B3wpBbwGAbwXzbwiz_vFyNvaynvIxYuqxku8xHt8xQs8x4syxorZxIqTyaqOzDphBhpNCXoWEUo%WEUnWEqmhEGlFDVkqCVkCBVk2B7lvAkl5ABlHzRloz2m6zfmPyfmByfmqy8mfy0m9yRl%Lx7lOy6k$zCjdB6jIC6jMD6jAEtjpFPjZFrkxG3lPGYl6HQm6HUn^lBDuWBDupCwuVCoukDauMDYt9EEtyEktWEXs%WEiqoDlqjCyqeBKqzA2rUzmrAzNrhzcshzKshzetrzBtCzYtTzbu9AquxAxuVADulBDu" /><g i="8" p="#^Px$v%Pxlj%8zljCzljKzOj%WzalKAgkLBIjNC8j6E8j9F8jXFujKGQjgHtkOH5l3I_llISmlIXn%lI$v%7G$v%7GXn7GvmtFIlPEVktDVktCVkCBolMASl2AGm%2A$v" /><g i="9" p="#^sGBllGJlfGOl9GTlZFTlNFTlzFJllFzl$EnlFEblaE1lIDTk$CTk4CTkmBclFAxlaA9mHzNmrzGnczzoczFpczPqtzIrKzBscActGAPtlB7u1CruUCruIDrudEfuLE3u5FQtsFAtGFotVFbt7GbtpGbtyGpt%aHdulGev6FIvTDawvCawjBawiAKvhzivxytuNxDtlxqsWwcrWwFpWwfojx2nIxRlsy_kdz6kkADjrB8jTC8jcE8jdFAjfG$j1HNk" /><g i="10" p="#^FBbw9AbwlzmvyywuyyXs%yycl%0xclPwclGw5lywZkywJk%ywQj%Cyzj%7zFf9ztfhzmfqzefEzef%MAef%MABj%oEBj%oEcl%MAcl%MAOsMABt8B_txBnu9CnuvCnuLChu0DbucD4uoDYtwDStFDMtLDMtWDMt3E_t%JE2v8EAvkDUvwCbwFBbw" /><g i="11" p="#^Px$v%Pxlj%5zljszljBzujKzCjNzYj%WzWlAABkxBSjuC6jND6jiE6jJEej9FljwFzj%dFdl8FxlRExlFExliEqlXDilhDil7CillBZlzAEm2AXn%2A$v" /><g i="12" p="#^awlj%WxljbyljmyujyyCjCyOj%1BXr7BoscBPsiBetmBFttBetBBPsJBosRBXr%xELjBEzjLErjVEjj8Fjj%5GjjlGjjvGrjGGzjKGLj%lJXruJnsBJPsIJetOJEtSJetYJNs3KksaKXr%EMOjIMBjTMtj3NljiNlj%ZOlj%TK$v%6J$vNI$vFIzv%SF_mMFImIFpmEF6mAFQlwF6msFpmoFImhF$m%sCzvjC$vXB$v%gA$v" /><g i="13" p="#^iAlj%iA$v%3y$v%3ylj^OAmfOAHfFAZfxAfgjAtg5AHgOzPgwzXgbzXgSyXgAyPgiyHg4ytgSxfgKxZfCxHfCxmfCx2fKxLeSxre4yeeiy0eAyUdSyMdbzMdwzMdOzUd5A0ejAeexAreFALeOA2fOAmf" /><g i="14" p="#^Px$v%PxBd%2ABd%2A1lSAakRBFjQC8j6E8j9F8jXFujKGQjgHtkOH5l3I_llISmlIXn%lI$v%7G$v%7GXn7GvmtFIlPEVktDVktCVkCBolMASl2AGm%2A$v" /><g i="15" p="#^PxhA%Pxlj%8zljCzljKzOj%WzilKAjkNBJjQC6jbE6jhF6j9Gxj2HYjFHNkhIBlDIPmZI0oZIApZI_qBIbsdIotwHhuQG9vOFGvNEawwDawlCawvBNvGAov2AHu%2AhA^sDVkmCVkyBplKAVl2AQm%2AXsFAMtnB6u6Cru0DruNEruJFbtGGWrGGApGGlosGtneGAmPF0mpFrlPEaldEVksDVk" /><g i="16" p="#^Px$v%Pxlj%8zljCzljKzOj%Vz5lCAektBHjlC8juD8jNE8jzFSjmGzkIGNlZG5loHBkQH5kmIMjVIrjwJij7K8jLK8jLL8jxMtjjNNjRNokoO$kGOUlZONmZOXn%ZO$v%LM$v%LMXnLMsm5MHlrLVkcKVkFJVk9J6lFIilhIGlWH2mIHDmuHbnuHXn%uH$v%gF$v%gFXngFpmEEFl1EVkSCVk1CVkkBmlDAOl2Azm%2A$v" /><g i="17" p="#^JG$vfG$v7Gxv%WF$t6F_u3EAv1DawGBawBAawIzLvPykvbywuzxItdxvsUwhrUwIpUwjogx6nExVlly0l2z7k3ADj4B6jmC6jxD6jlEwjaFVjQFCk%QFBd%2IBd%2I$v^pCnuvDnujETt8FntQFss%QFkmdFwluEblLDRkSCRk5BRk8A6mbznnbzIpbzYqozQrCzIs0AhtrARt1B6uEBnupCnu" /><g i="18" p="#^Ux$v%UxBd%7ABd%7A9lWAfkXBIjYC8jgE8jmF8jfGzj8HZjMHNkoIBlJIPm3J0o3JAp3J_qHIbsjIotBHhuUG9vTFGvSEawBDawmCawvBIvFAdv0Anu%VzwvOz$vkz$v^xDVksCVkDBplPAVl7AQm%7AXsKAMtsB6ubCru5DruSEruPFbtMGWrMGApMGloyGtnkGAmVF0mvFrlUEaliEVkxDVk" /><g i="19" p="#^dwlj%2yljiyljtyujFyCjKyOj%XBXr6CoscCRsjCitpCKtvCitCCRsJCosVCXr%9GOjdGBjoGtjzGljPGlj%xIlj%oD$v%nB$v" /><g i="20" p="#^jy$v%jyel%Ww4lFw0luwUkjwLkjwvk%jwBj%jyBj%jymijyhhCyrgWyBfuz0f3AqeSA7eFBQdFCQdwDQdeE4e%bEbfaErfZDvfNDyfpDyf%1DyfsCyf_BIfwBRfaBbgRAwgFA3huAChuAqi%uABj%8EBj%8Ecl%yAcl%yA$v" /><g i="21" p="#^xBKzpB_zeB7A4BhAKAhA%4zhA%oBfv%awlj%5yljnyljxyujIyDjNyOj%9CMrhC2smCksrCBsvCTsBCBsGCksMC2sTCLr%9GOjeGBjpGtjBGljPGlj%AIlj" /><g i="22" p="#^Kzlj%KzprKzRsoAEt3BqupCqunDqueEZt5FvtQFGs%QFlj%2Ilj%2I$v%JG$vfG$v7Gxv%YFau7F4v5EEv4DbwLBbwJAbwWzRv7zvvAyTu2yfuNxntwxuswxpr%wxlj" /><g i="23" p="#^ZGwp8HQpgH9qpHuqxHQqFHtqOH9qXHQp6Iwp%aOvekOdevO9eHO5e$O5e%OQ5e%OQ$v%GO$v%GORiGOAiGOhiHOZhJOFh%AISsgIqtIHqt%mHqtOGqtuGSs%dADhfAYhgAgiiAAiiARi%iA$v%ay$v%ay5e%Yz5ehA5esA9eDAdeOAve%ZGwp" /><g i="24" p="#^UM$v%0L$vIK$vvKRviKGvcKqv%wI5r%uA5r%PyqvKyEvwyQviy$v_x$v%7w$v%hD5e%KF5e^aBlp%RHlp%1F3iMEohvEngmEUgdEkh5ELhZD4i" /><g i="25" p="#^NKis_Kis8Lss%5Mvt$KMuqJuvSHbwFFbwJDbw8CxvzASuszFtlyrsJxMq6x4p6x2n6x1lMxljqyFhCzsgOAefsCze6EUd6GUd4IUdwJveYK6f3Mag%gLhhbLph3LuhYKzhLKzhAKzhoKshdKkhZJ9hJJ_gnJNg2JAgAIpg7IegvH6gUG_f5G_fFE_ftDughC_gpBUhyAOi3A6kBzqlBz2nBzJo3A1qyAlrnBfsdC9tlDEtuE6uOF6uBG6ueH0uTHWtpIJtYIwtqJdtUJVsnKusAKisNKis" /><g i="26" p="#^Aziu%qDiu%qD5iqDxhtD_g%gAJj8APj0ASjUzVjNzVjBzVjrzQjizKjdzDj%vyFi%RD2e%FF2e%FFiu%aJiu%aJ$v%Az$v" /><g i="27" p="#^$xfwQxHwuxUw8x6xNw6x%Rv6x%lDqewD0ePDPd6EBdxEBd%tFBd" /><g i="28" p="#^KJ2nKJopdJ6rJIQsRHYtZG4vNFEvBEbwdDbwRBbwFAEvuz4vCyYtKxQsex6rKwopKw2nKwIkex_iKxfhCy7guz_eFAreRBUddDUdBEUdNFreZG_eRH7gJIfhdJ_iKJIkKJ2n^qH2nqH$k4HCjKGdi9GnhAFwgPE9g2ENfdDNfpCNfEB9gTAwgiAnhKzdiozCj2z$k2z2n2z5pozuqKzTriAJsTAztEBXtpCjudDju2EjuPEXtAFzt9GJsKGTr4HuqqH5pqH2n" /><g i="29" p="#^vDUdEEUdDFeeCGzekHdf2ISfsINgTIIhTITiTITjzIKkgIAlLHmmfH8nAGTnVFBo9Fmp%sAbuYA2usBZtZBTtsCTt%sITtPITt0J5ueJjueJEu%eJ$v%ix$v%ixevix$uoxLuuxvuHxhu%qDwo8EOnJE7njFsmKFNl9G6lnGqkBGJjBGXiBG9ilGzh5GZgFFAgdFbgDE$f2EOfnDOfICOf7C$fyBcg6BzgGAWgmAph2AUhWztiQzRiDz$iqz9j6z9j2z9jZy9jVy9jPy8j%FxXiQxJhkyNgQyQfBzbfmAyelBdelCUdvDUd" /><g i="30" p="#^kHUgdH4h5HahZGghMGghzGghhG3h$FRgzFBg8FkgxE7gWDVf3DVffCVfDB7g$AlgAAJgaA5hYzBhKz5iKzHiKzrj6AXjuAqk4BNkHB7lsColdDEl1EWlREbmCFxmnGTmZGpnAHWnYHHokIspkIzqkIKrWHMswHOtLGzu_FjvSELvLDbwkCbwBAbw9zzvKxXuJwSt%qxIswxzsFxtsOxns_xnseynsAyFsWyXsqzhtWzDtEAVtmBbupCbugDbuXDYtCEIt4FhtyFRsOFfs2GEr2GVq2G5qGFApjF3pIEIo6ElolD6oACTnMBDnZAmnbA1nqzHmQy9meyClSxPkux$juxPiuxShSx_gey5gWypfDzJeFAjeHBUd1DUdxEUdMFne$GReWHKf" /><g i="31" p="#^KDUdTEUdQFdeOGyeuH8fbIKfzIBgYIrhYItiYIkjKI$jwIFk6IalIHGl7H1mzGnmRFAmBH2ntI8omJdpmJSqmJ5sTI4tpI3uBHMuOGsvJFQvEEbwpDbwZBbwYARvYzuvfzSuyyeu5yntFxwslxwr%iy7ryy0rPy0r3z0rfz7rszdryzrrAzvrBzzrDzCrFzGrQz1s4AuskAXsLAltaBLtOB1urCiunDiujEiu0F$tJFHtbGctFGIsUG6s8Hvr8HWq8HcqXGCpLG$oeGzoKF7oRETnYDDnyCDn%yC0mHD$luEMliFxlPF7lkGIkyG7kNGyjNGRiNG4ixGvhiGWgTFygsFagSE_fhEOfCDOfXCOfmC$fNBcglBzgVAWgBAqhiAVh9Ati2ARiRz$iFz9jlz9jhz9jcz9j8z9j2z8j%UxXi3yJhzyNg3zQfQzbfCAyeBBdeBCUdKDUd" /><g i="32" p="#^4C7jVC7jDDjjlEujWERj%lIRj%lIFklI4lQHbl%oGolQGcmQGcnQG7otGUo6GEptFaqREIqZD$q6Dhr4ChrbBhrpA4r$zjrOzCrBzUrBzasBzDsYzSsjA4tVAbtwBhtgCjt1DktQDotDErtoFAt9GJtLG1ulHluIHUu4Irv4Ijw4I7xGHUxgHFyvGfzKFRzDEbAxDyA9CyAMAyAJzgAGy$z_xxzix4zYwtyCwSxCwcxCwgwcxCvOxYuRyzuiyju_xVtGxutGxNsGxvsMxdsSxWr3yErhylrAy5rTyQqhzDqly5qPxdphxlohxcnhxgmDxwl_xMkDyekgzIj8Aqj1B7j4C7j^1GGw1GcwMFWvvFDv2FtvBEjv$DfvqDavMC8v7C6vsB4vNA1vaAXuszgv$yLvzyewzyWwzylxNyIx$y4yszlyVzCyAAMygBWybCWy5DWyODMywECy$EiyvF$xMFAx1Gax1GGw^4CPpLCPpgDDpNDrp7E6puEMoFEioREQnREgnRE5m7EplqDJk4CJkKAJk1Aplkz5mkzgnkzQnvzioHzMo1A6poArpUADppBPp4CPp" /><g i="33" p="%^BAYtkIYtkI$vay$vay5eBA5e" /><g i="34" p="#^5w5e%1y5emy5eyygeLyqeSyGe%VDir5EJreEdsnEJswEftDEJsLEdsUEJr3Fir%5KGebKreoKgeCK5eWK5e%TM5e%AF$v%oD$v" /><g i="35" p="%^2B$vCy$vCy5e2B5e" /><g i="36" p="%^cJ5ecJ3gCA3gCA0mzH0mzHVnCAVnCA0ucJ0ucJ$vay$vay5e" /><g i="37" p="#^aw5e%ay5evy5eIygeWyqe$yGe%IC6rOCrrTCQrZCds1DEs7DdscDQriDrrpD6r%DHGeIHreWHge8I5esI5e%8J5etJ5eGJgeUJqeZJGe%9O6rnOLrzOBsDObsHOPrLOrrSO6r%zSGeDSreRSge3T5enT5e%gV5e%HP$v%vN$v%ZIliQIYhJIrhFIHhBIWhxI9itIli%WD$v%LB$v" /><g i="38" p="#^QAip%QA$v%qy$v%qy5e%ID5epF5eFGueVHTeKICfzJkgZJmhnKninKEjnKUkXJWlvJYmFIInPHsozGTojFipIDip^QAnn%IDnnKEnnxF6nkGQmSGlmoHRlGH9lYHtkYHEjYHWhUGZgRF$fID$f%QA$f" /><g i="39" p="#^QAwo%QA$v%qy$v%qy5e%tD5eaF5epGreEHNesIrfgJ4gEJ$g1KVh1K2j1K$jKJQkrJFlSIjmhIYmtHqnFGUnDF7o4GooqGUo%EL$v%vJ$vQI$vwIuv%TD4pFDNopDFo9DwoFCwo^QAMm%mDMmqEMmdFwm1GfmAGNl7HjloHGkGH0kGHdjGHDhCGPgzF$ftD$f%QA$f" /><g i="40" p="%^gHxp_Jxp_JPq#_J0rSJ9r#LJhrvJhrgHhrgH$vjF$vjFhrnxhr#7xhrXw8r#Mw$qJwNquwEpcF5egH5e^jF9i#jFQhkFsh#lF4hpFGgVyxpjFxp" /><g i="41" p="#^cI3fcIyfVHSfCH9gUG9g%hB9g%sARkRByk1DykrEykvFZkAGnliH6m0IQmoIPnMIOoMIYpMInrgIxsMHHtUGvu1GjvRELvGDbwjCbwxBbwOA1w4ATvszDvQymvhy1vLxHulxju%0ymtey1tCy1tSy1tazetuzqtXzFtoAUt_A5uBBhurChunDhu7E_tTEHtpF7tXFzsdGOrwG0rwG3qwGdpgGyo1GTnxFpn1FWmiEFmzDomAComVBomaBwmsADmGzTm%hysm%Kz5e%cI5e" /><g i="42" p="#^qz5eKz5eUzae2AfefAve%DK$rAKGrzKnrzK3rzKMq%zK5e%HM5e%HM$v%sL$vaL$vZKVvNKOvBKzv%eA4igAoihAHiiA_iiAej%iA$v%ay$v%ay5e%qz5e" /><g i="43" p="#^HN2nHN3p2NJqpMmseLxt4KIusImvQG$vSE$v%ay$v%ay5e%SE5eQG5esIKe4KnfeLzgpMKh2NojHN1lHN2n^bL2nbLplKK6kiKOitJVhEI$gtHxgiG2gSE2g%CA2g%CA1u%SE1uiG1utHztEI4ttJbsiKirKK$pbLIobL2n" /><g i="44" p="#^3FTo%3F$v%FC$v%FCTo%5w5e%dy5eyy5eKygeWyqe2zFe%9DClpD2mzDrmKDQmTDcn0EPmaEqmlE1mBECl%FIFeNIreZIgeaJ5euJ5e%DL5e" /><g i="45" p="#^7ABd%7Apo%IApoYApo6BlohBhotB4o%tFNjFFBjRFtj1GljlGlj%nIlj%JDioxDwomDGocDQo_CYodD6poDjpADvpKDLp%HI$v%HG$vpG$vdGUv1GNvRFzv%HBnqvB6qjB1q7BYpLAYp%7AYp%7A$v%Ux$v%UxBd" /><g i="46" p="#^5xDu5xiucx0ukxJtxxwtKxit0yatjy2tDy2tZy2tfzatyzitLzwtZzJt4A0ucAiucADucAYu4AevZzwvLzKvyzXvfz3wZybwDybwjybw0y3wKxXvxxKvkxwvcxev5xYu5xDu" /><g i="47" p="#^axsuaxaugxWtnxFtzxttMxgt1y9tjy2tDy2t0z2tjzbtCzjtOzzt_zPt4A7ubArubAPubAnv0A_vSzBwzzbxgzNxPylynyVyPxnz%rx0zhxSyhxGyhxvysxjyAxbyMxYxZxKx9yqxmy7xxyMwIypwNy$v%Cy$viy$v1yUvMxMvzxzvnxmvgx4vaxOuaxsu" /><g i="48" p="#^6E1lbF1l8Gol6HKlQHqmzI5n_I5opJ4ppJmqpJBrYIFswIJtIHwuUGivLFLvDEbwgDbwVBbwPAMvKzkvYyyuayLtLxDslxurlx4qlxVoSxBnnygmxzKk%3EDeeEpeyEfeSE5egF5e%eH5e%1BYlFBwlrChldD1l6E1l^uztquzkrKz2s_zLstAgtYANtEB3ulCludDlu7EluRE3uAFMt5GgtCGLsUG2saHlraHwqaHEpUGXoDGeo7GLnDFfnWE_mdEJmoDJmuCJmMB1n2BknxASn1AnoLz3puzKpuztq" /><g i="49" p="#^9GeuTGeutHau4I5uCIYt9JPtDJDt6KrtAKbt%AKep%PHepAHepqH5phHYohHMo%hHon%NMon%NMfu6MLunL6vEKtvPJJv_IYv1I3w4HbwZFbw1EbwpCxvNASuBzFtqyrsMxMq6x4p6x2n6x$kLxjjpyDhBzqgOAdfuCzeaEUdgGUdkHUdeI2e9JceXJveJKOenLdf2MDfDM9g%XLfhJLBhnLBhbLBhYKshEKhhfK1hSJNgiJygLIjg_H9geH_fcG_fHE_fsDugeC_gnBVhwAPi2A7kBzqlBz2nBzLo3A4qyAprqBksiCftvDLtIEeu9Geu" /><g i="50" p="#^iAlj%iAWwiAHx5AlyUz$yszuz1z_zlygAGxyAJwyAiwyAZvuADvqAiviA%ov5zqvWywvTyBvRyNvRyTvRy$vRy6wSygwSyexSyExoy3yXx3yWw%3ylj^OAmfOAHfFAZfxAfgjAtg5AHgOzPgwzXgbzXgSyXgAyPgiyHg4ytgSxfgKxZfCxHfCxmfCx2fKxLeSxre4yeeiy0eAyUdSyMdbzMdwzMdOzUd5A0ejAeexAreFALeOA2fOAmf" /><g i="51" p="#^mB5e%mBelmBOllBlmkBTmhBqnfBYnbBxo8B5p3BLp%yzLpuz5pqzxomzYnkzqnizTmgzlmfzOlfzel%fz5e^JyDuJyiuQy0uYyJt9zwtmzitEzatXz2tgA2tBA2tTAataBitnBwtBBJtIB0uQBiuQBDuQBYuIBevBBwvnBKvaBXvTA3wBAbwgAbwXzbwEz3wmzXv9zKvYywvQyevJyYuJyDu" /><g i="52" p="%^HM$vfK$vfKRnCARnCA$vay$vay5eCA5eCA4mfK4mfK5eHM5e" /><g i="53" p="%^xJ5exJ5f#xJwfrJOf#lJ3gfJfgRBcv#GBxvoBMv#6B$vCA$v1z$vyGdh#IGWgTGFg#2HoggH9gWx9g#Ix9gxx_f#mxPfmxCfmx5e" /><g i="54" p="%^NAwpwwljFylj#Wylj2zrj#azwjhzGjnCpo#uC4oICJnqFJj#yFyjGFsj#OFlj_Flj1IljNDopcI$v4G$v#OF$vEFSv#uFIvoFxvcCAq#6CXqXBdr_yxv#SyIvIySv#zy$vjy$vlw$v" /><g i="55" p="#^nz9dKzLdUzme3AYe3Ayf3AHgvzJhYyLiZxCj%hxbjax7j8x2j6xZi6xVi6xJiexBirxmiDx4iPxOhYxvh6ybhcySgiywgiy8giyKfayjf2yUeMxqeGxheGx8eGxRd0yId" /><g i="56" p="#^qwHfOwkfgx$eKxGeiyqeSyaevz1e8AUdUAUdTBUdJCbezDteaE$eNEwf7FgguF0huFYhuFVicFBjWEhkuEOk3EjlyDIl1D4mBCqm9CLmQB5nwBqntBQn%eBLp%JzLp%zzGn%zzxnzz0nRzCm7AcmyARl_AultB8lZBNkpClkRCVj7DmjpDPipD3ipDxhbD5hZCFgCCmgfC2gLBUfgBJfIAJfXzJfozVfSy5guykg6yygTxKgExWguxWgaxWg$wDg^SyDuSyiu_y0u6zJtjzwtwzitOzat5A2tqA2tKA2t0BatjBitwBwtKBJtRB0uZBiuZBDuZBYuRBevKBwvwBKvjBXv0B3wKAbwqAbw5AbwOz3wwzXvjzKv6zwv_yevSyYuSyDu" /><g i="57" p="#^dDbwUBbwNARvGzuvSyQu3y9uDxdtbxgsbx5rbxnp4ygo_y8nGAFmfz8mxy5lPx2kPxBiPxChcyLgByUfizff0ACe$Afe$BUddDUdrEUdrFferGCe8HffSHUffILgEIChEIBiEI2kVH5lbH8mNFFmsH8nmIgogJnpgJ5rgJgsPIdtnI9uAHQuNGuvGFRvzEbwdDbw^dDqu5EquNEbuuFXtZFvtsG2tIGrsYGPrYG3rYG8qEGuplGQoQFqojF$nEEPnZDCndDCnuCCnPBPn8B$nDAqo6AQoOzupuz8quz3ruzPrKzrs$z2tuAvtZAXtFBbulCqudDqu^dDQl5EQlJEzllFhlJFRk6GpkhGQjsGfjsGEisG0ifGth2GWgEFwgeF5gDESf1ECfdDCfqCCfPBSfdB5gPAwgpAWgbAth_z0i_zEi_zfj9AQjlApkJARk6BhlJBzllCQldDQl" /><g i="58" p="%^mK5emK7gAE7gAE$v9C$v9C7glw7glw5e" /><g i="59" p="#^RCEoRBEoXAjo1AZnlzjnFyFmfyIlRxLkRxwjRxlihykhJyigvzxfiAMenBketCUdMDUd2FUd5Gje8HKeUHvfEIgg2JkhsJoisJGjsJskjJ9laJRlUIvmDI9neIPnSHtonHap%0DtvRCIvyCSvfC$vSB$v%Pz$v%gFSoxFvoMFao0GRndGwnxF4oGEmoPDEoRCEo^kHpjkHAi2HVhNGdhjGLgRFggbF0gxELfKDLfVCLfdC1gyBig3BMgBAehkAVh3Azi3Alj3AckiATkyAxl$A$ltBsm7CImNCXmBDXmuEXmaFEmTFlmlGSlQGnl4HKkkH5kkHpj" /><g i="60" p="%^exznpDznpDspexsp" /></glyphs></font><font id="30" name="LatoBold"><glyphs><g i="0" p="%^tElhtEsmkJsmkJLotELotEUtZBUtZBLo7xLo7xsmZBsmZBlh" /><g i="1" p="%^aBdtpIdtpI$vPx$vPxWdaBWd" /><g i="2" p="#^HH$v%iG$vSF$vCFTvmFKveFkv%ZEqutESu$DbvxDwv1DLvxCZvZB4wpBbwKAbwWzbwezZvyyLv2yjvyxTugxeu$wAt$wJs$w$rnxirMxAqFy0qyzsp0B4puCIoGEEo%GEUnGECm7E$lBDnlyCnlOBnliBylOAJlqAXl3A9mLzlmrzwm3zwmLywmwymmiybmayYl%CxZkPzXiXCXi3EXiXEjjQFGjrGkk2H_kmHVlHHPmHHUn^HB3u9C3uzC_tZCUtjDJtGDyt$DitlE1tGEHs%GEwqkDAqqCLqwBWqZAbrqArrbAOrYz8sYzzsYzntrAJtWA3uHB3u" /><g i="3" p="#^Gx$v%Gxqd%MAqd%MALkxBXjuCsjsDZiKEZiNFZiEGpjwHRj8IGkNIul7JImtJVntJuptJWq4J9sIInt_HhugHaveGHvdFbwZDbwnDbwUC3wpCXv$BKvBBwvfBdvWAVuCAxu%tAovoAJvcASv1A$vJz$v^GDnlJCnl1CNllBbmMAWm%MAGshBjtVBAtxCQtfDQtYDQtwEAt4FjttFNsSFes3GqrhGBqhGuphGlo5GAnWFOmAFjmfFQlMEClhEnlGDnl" /><g i="4" p="#^2wWd%LyWdbzWdsz8eKzmeTzHe%7EIplEfqxEUqJExrVEfsbFPqCFIp%RJHeYJpeeKaexKWdYKWd%GNWd%nG$v%lD$v" /><g i="5" p="%^BB$vey$veyWdBBWd" /><g i="6" p="%^cJWdcJCgcBCgcBClwHClwHcocBcocBjtcJjtcJ$vPx$vPxWd" /><g i="7" p="#^8wWd%ZyWdpzWdHz8e_zle5AHe%9DvphDUpnDmqtDQqyDmrFDQqMDmqUDUp1Evp%AHHeGHpeZHaegIWdHIWd%GJWd6KWdoK8eHKleOKHe%jOvpBOiqOOgrTONqZOlq3PUpaPvp%eSHejSneCS9eWSWdmTWd%_VWd%nQ$v%lN$v%oJFjkJpjeJ8j9JSi4Jyi0JSiWI8jRIpjMIFj%NE$v%LB$v" /><g i="8" p="" /><g i="9" p="#^eKKrwKKrIKXr%1MntXKLukJtvJHbwtFbwtDbwSBvvfAPu6zBt_xnsnxGqMwZoMwYmMwWkrxej6yxhkzjgzA5fgCqeZDKd1GKd2IKdyJne3L0f7M4g%0LEhVKNhLKVhBK0ikK0i1K0iKJOhrJzhZIjhwI2hOHQg5HBg0GBgKEBgFD1hBCthQBii3B7jDAjkcAulcAYmcAtoDAGp3BSqOBGrxCusxDWsxEltHFltnGltWGgtuHbtXH1tpITsQIDsgJmsGJ_rOJTrXJPr4KKreKKr" /><g i="10" p="#^6DZiyEZiJFrjUGVjIHLkxIBl_IQmrJ2orJzprJ4r_IjsxIxtIHouUGfvJFJvyEbw6DbwGBbwvAJvkzfvvyouGxxtcxjsLw4rLwzpLw2ocxQmGxBlvyLkkzVjvArjGBZi6DZi^6DPtJEPtuFKsfGFrfGApfGwnuFrmJEll6DlluBllIArmXzwnXzApXzErIAKsuBPt6DPt" /><g i="11" p="#^Ex$v%Exaj%szajWzaj6AmjiAxjmAYj%yAvleBjk9CDj5DXieEXibFXiPFnj%pFHlnFVlfF$l7F5mVE5mJE5moE0m4EWlxDWlACWlUBsmcB_mKA0o%KA$v" /><g i="12" p="#^XCZi9EZiaFmjbGLjWGvkFHel3IjmtIontINotI8prInppIBpkIKpgISp7IWp_HZpMHZp%SzZp_zXrVATsRBOtmDOt6EOtFEDtcFrtCFet0G0tjGRsDGGsVGGs5HGseHLsnHPstHYs%nI4uSHHudH5vAGvvUFLvcF_vuE4wMDbw5DbwLBbwBALvszivByruLxztgxhsNw$qNwjpNw$ncxRmDxHlqyQkdzZjmAtjvBZiXCZi^$CblFBblUAYl7AImWz6o%JF6oJFwnyF_moFsm2F3mJEFlcEqlHDbl$Cbl" /><g i="13" p="#^mzHt%0DHt%0D9j0Dxi2DSh%sA1kiAak7AekYzhkOzhkyzhkkzak7z3k1zWj%2yBi%zDVd%5GVd%5GHt%lJHt%lJ$v%mz$v" /><g i="14" p="#^UGvo5HUogHkpsHMpEHcqPHLp$HjpbITooIto%LNteRNheYNae3O2ebO$djOYdtOXdEOWdTOWd%pRWd%pR$v%rO$v%rOkkrO$jsOCjuOdjwOQi%3J3tTIqtzIDtgIPtTHPt%pHPt0HPtIGDtpGqtdG3t%HANiKAcjLABjNA_jNAkk%NA$v%Px$v%PxWd%mAWdAAWdKAXdVAYd1B$daB2ehBaeoBheuBte%UGvo" /><g i="15" p="#^FG$v3G$vTFrv%DFbudFEuNE0vlEnvRDEvlDUvLC1waCbwvBbwsAbwAzLvIyjv3yuurxEt5xqsLwbrLwDpLwco8x_mxxLlfySk_yYj_zsj$AXigCXilDXi5EhjSEDjtFck%tFqd%xIqd%xI$v^yCKtwDKtbEltSEXstFbs%tFsmXEPljEylIDhl_ChlhChlJByl9BPlLAlmmATm8AInXzwoXzDpXzLq6AxriAjsEAPs_AittBwtYBKtyCKt" /><g i="16" p="#^tAaj%tAjrtAvs$A8tyBNtECNtrDNt8EqtRE3ttFrs%tFaj%xIaj%xI$v%FG$v3G$vTFrv%FFpugFPuQE8vpEtvWDIvsDXvUC3wlCbwIBbwFAbwRzRv2zuvuyRuXxbuFxitnxosnxjr%nxaj" /><g i="17" p="%^WAqdWA$vRx$vRxqd" /><g i="18" p="#^Ex$v%Exaj%xzaj7AajjAKj%xALkWAlklB1kNBIjfCtjKCdjhD5jRDZiuEZixFZilGkj9HHjIHkkfIZkxITlPIMmPIQn%PI$v%JF$v%JFQnJFFmaF0mEEnlyDnlLCnl2CKllB5mKAJm%KA$v" /><g i="19" p="#^WAaj%WA$v%Rx$v%Rxaj^oBrfoBRfdBcg3BygOAPgxA3h9AdhOznhoznh_ynhDydhhy3h0yPgLxygBxcgrxRfrxrfrx1fBxGeLxie0y2ehyNdDyDd_ytdoztdOztd9ADdxANdOA2e3BiedBGeoB1foBrf" /><g i="20" p="#^4CYiVCYiDD7jlEhjYECj%EICj%EIMkEI2luIdlkInlZHrl%QGFlYGZl0Hlm4HIm4H5n4H2oIGPokGApFF7q_EFq3EYq9Dfr4CfrlBfrGA6r3Atr3AWr3AjsqAvsNAGsmBLsXBPsGCRspDSsbEWsZE_sIF8trGit0HEtBHZtYHyujI7vjI2wjIUwUHHxtHuyGG6zUFKzKE6ABDvA6CvAFAvAAzdAvyXzOxtz5x$yKwoyowNxow6xowdwXwCvux$utyDu_xnuIxXtqxvtqxOsqxvswxcsCxUrPxBr1yirly1rFyMq4zyq6y0qyx8p_wgo_w5n_w9mmxolLxCkqy4k6zxj2Afj_AYi4CYi^tFzwtFbweFYv0FJvDEBveEsvJDovcDkvCCiv1CgvpBevOAcveA7vIzqvnzPv3zcw3zJw3z2xezlxpzExMzRx8A3yJAayjBiy9Ciy1DiyFDayhE2yHEPx5FAxhFfxtFXwtFzw^4CgpFCgp4D6pvDYoNDHo3EpocE1olEEnlEanlEdmNDGldD6l4C6lXA6lmAGlOzdmOzanOzDnXz0o5AoonAGoFAYo4B6pwBgp4Cgp" /><g i="21" p="#^8PYm8PYotOEqPNksCMAtqLPuKJvv2Ibw$FbwYDbwfCvvzAPumzAt9yksuxEqQwYoQwYmQwZkuxhj9yBhmzmgzA6ffCqeYDKd$FKd2IKdKJreqL7fCMmgPNBhtOhj8PZk8PYm^HLYmHLtliLikVK6jaKiirJthnI1hkHBg$FBgGEBgCD1hyCthOBii3B6jFAikgAtlgAYmgAsoFAEp3BPqOBDryCrsCDTsGEjt$FjtkHjtnITsrJrsaKDrVKPqiLEpHLsoHLYm" /><g i="22" p="#^WAaj%WAqwWAgxIA$xuAKy$zizxzSzLyaAZxuARwuApwuA1wqAFvnAgvfA%nvBypvlyAvgyKvcybwcyFwcyZw6yix0yuxPxGxCxLxgxRxWwRxqw%Rxaj^oBrfoBRfdBcg3BygOAPgxA3h9AdhOznhoznh_ynhDydhhy3h0yPgLxygBxcgrxRfrxrfrx1fBxGeLxie0y2ehyNdDyDd_ytdoztdOztd9ADdxANdOA2e3BiedBGeoB1foBrf" /><g i="23" p="#^EGUlwG3mnGamfGgm$FgmMFgmxF7mjFZl$EOlHEClfEtlQDklbDklnCklMBDl9BVlLAtmlA0n8AOnXzAoXzzpXzAq9AornAbsNAKscBgtNBytnCQt6DQtRDQtiEFtMEtt4FftoF1tCFSsRFGs8GGswGGsIGYs%AH4u4HHutG5vTFvveFLvBE_vVD4wdDbwxCbwlBbwiALvfzivtysuHxBtexnsNw8rNwzpNw8obxXmBxKlnySkazZjkAtjuBZi$CZirEZiwFrjBGVjsHMk" /><g i="24" p="#^RBbwbAbwhzfvnyjunyEs%nyul%5xulRwulFwkluw9luwRk%uwCj%yyhj%bzNfezxfqzofCzffTzff%tBff%tBhj%REhj%REul%tBul%tBrstB1tMBnt4CItACItSCIt2DEtfDztoDvtxDqtEDmtMDhtTDht0Eht5EmtbEqthEzt%dF3vxEDvFDVvNCbwRBbw" /><g i="25" p="#^3E$v%gB$v%awaj%Kyaj3zajizljxzvjCzLj%5CBqiCbrrCMrBClsICWsPClsYCMr5DbrkDBq%SFLjYFvjaGljoGajIGaj%8Jaj" /><g i="26" p="#^fFGl7FTl_EYlRE1mEE1mpE1m9EVlVDNlzDDldDtlNCllmCdlNBdlSAdlkAClPz$lPzDmPz1n4AjnmABnOAPneB0oOBbomCloXCzoxDMo5E0pFEgp5FGpyF3qPFCq5G9r5GXr5GSsLFEtpFquLE$u6Ezv9DTvcCbwZAbwiAbwGz3w2zYvsyLvTxxvnxfvUwYuwwDu%exrtmxetyx7tKx$s1y$sjy$szyatQykt9zwtvzItYzTtqA1u6B1uFB1u2CVtsCMtICztZClt4D3tcDNscDuscD1sWCLrFCsrdCfrNB1rcBTqEAIq2AvqsziqTy1qjyMpSxmpqxXo9xloUwKnUwUmUw5mcxolwxGk7y8kKyCjEzijyAZiJBZi2DZi7EpjdFRjYFzk" /><g i="27" p="#^6GwtfHwt5IjtXI6tIJLs%IJsp%rHsp6HspWGhpKG5pKGQo%KGXm%LMXm%LMfu3MLujL7vAKuvKJJvUIYvWH3wYGbwRFbwTDbwcCvvyAPukzBt7ynsrxGqMwZoMwYmMwWkqxej5yxhjzjgxA4fgCpe$DKd9GKdnIKd_JoeCL2fKM5g%LLChtL4i$K4iIK4ioKTh_JEhzJph8JahEI$g8IPgvHIgTGBg2GBgJEBgDD2hyCuhNBki1B9jCAlkcAwlcAYmcAwoEAKp4BYqSBOrFCDsKD4tQEwt6Gwt" /><g i="28" p="%^yKWdyKHg6FHg6F$vLB$vLBHgiwHgiwWd" /><g i="29" p="#^vHdhmHuhaHCh$GJhLGJhvGJhbGxhTFkhsF5h1FSgsEGgUDtg6DtgpCtgUBEgnBOg0B6hGAphuAQhjAeijAKijAnjGAOj1BdkCBxkcCQkYC3lIDiluEAlgFRl0GcmMGymlH5nXHEnhIqoEIcpEIkqEIzrdIDsPHHt$GuucGhv1FKvTDbwnCbwwBbwGA0wRzSv3zyviyevDxOuZwmurwPt%qxcsyx1sKxWrXxOrayOruyOrRy3sdzjsIzDscAXsSAbtxBrttCrtVDrtHEMsuF4suFPquF5q7FFpNEcpbEUoBDAoRCno5C9ojBVnyAFnOzjn2zYmsypmTxRlwx$kax9kaxViaxWhzx_gYx2gIykftzCezAaeFBKd4DKdGEKd0GeenHKekIDf" /><g i="30" p="#^HN$v%5L$vFK$vnKNv5KzvZJev%DIyr%8Byr%OzevHzwvozMv6z$vGy$v%3w$v%9DWd%BGWd^$Bap%MHap%zF9jpFMidFdi2FGhTE2hIEGhxEeimENicEbj" /><g i="31" p="#^hBXo%hB$v%Wx$v%WxWd%rDWdhFWdBGjeWHHeMInfCJ3g$J0hoKZhoK7joK1k7KRkSJFllJkmRI_m5IunmH_npGho2HEowHkp%1M$v%0J$vAI$vgIQvYHEvLHjv%YDxpKDcptD4pdDXoJCXo^hBwm%oDwmlEwm2FhmLF2mcGElFGdlTGEk6H3k6Hnj6H$hcGghiFxgrDxg%hBxg" /><g i="32" p="#^SNYmSNYobNCqxMgskLtt8KGusIlvMG$vJE$v%Px$v%PxWd%JEWdMGWdsIBe8KgfkLtgxMFhbNjjSNZkSNYm^qKYmqKtl0KikDJ6jTIii8Ith4H2h1GCgJECg%cBCg%cBjt%JEjt1Gjt4HTs8IrsTIDrDJPq0KEpqKsoqKYm" /><g i="33" p="#^Px$v%PxWd%2EWdQFWd4HgekICe8JefYJSfkKLgIKDhIKKiIKnjwKYjkKxkWJ2lxJylWIZlkInmuHFmcLvncLHqcLQrMKPskKNtuJuuFIbvqHBvcG$vEE$v^aB4o%aBnt%BEntxFnt9G9tNGWs9HysyHasJHGrUHarUHCqUH0qIHypwH4p6HLoIGpo4GfotF4oAE4o^aBLl%SDLlAFLlsG7llHvklH8jlHJhyG7hLFxg2Exg%aBxg" /><g i="34" p="#^4waj%xyajTyaj6zljmzvjqzLj%fBBqpB9rvBIrBBesGBMsPBesZBIr7C9riCBq%qEJjvEtjJEjjYE9jfF9j%CG9jYG9jaHjjoHtjtHJj%AJJqKJfrSJMr$Jgs7KNscKfsjKJrqKarAKBq%uMLjyMvjNMlj0NajkNaj%GPaj%CL$v%7J$vJI$vxIrv%eG1o7GGn1GjnXFXmTFAmOFYmIFknDFHnwF3o%aDrv$C$vvC$v%8A$v" /><g i="35" p="#^bCwz2CRzQB$zCBaAaBaA%SyaA%gB2v%4waj%Nyaj9zajlzmjyzxjFzLj%oCoqxCJqDC4rJCqrOCMrVCpr0D4r8DKqhDoq%RFLjYFvjaGljpGajIGaj%aJaj" /><g i="36" p="#^ExaA%Exaj%xzajQzaj1AjjfAsjjAKj%zAWklB1klCujlDXiIEXiLFXiCGnjuHPj6IEkLItl5JHmrJVnrJuprJWq2J9sFIntXHhudHavcGHvbFbwWDbwRCbw4CSvkBwvKAXu%KAaA^EDnlGCnl_BNljBbmKAWm%KAGsfBjtSBAtuCQtcDQtVDQttEAt1FjtqFNsQFes1GqrfGBqfGupfGlo3GAnUFOmyFjmdFQlKEClfEnlEDnl" /><g i="37" p="#^Ex$v%Exqd%KAqd%KAzktBRjnCpjhDZiuEZixFZilGkj9HHjIHkkfIZkxITlPIMmPIQn%PI$v%JF$v%JFQnJFFmaF0mEEnlyDnlLCnl2CKllB5mKAJm%KA$v" /><g i="38" p="#^by$v%byvl%4xklJwglvw4lhwUkhwyk%hwhj%byhj%bylibyehwymgSyuftzTe5AgeZAXdSBCdZCCdSDCdDESd%zEpfxEMfdESfVDXfvDXfYCXfwC3g5CagNBtguBMgkBfhaBJhaBri%aBhj%wEhj%wEul%hBul%hB$v" /><g i="39" p="#^Ex$v%Exaj%xzaj7AajjAKj%wAHkSAjkdB$jBBHj$BtjqCejVC6joDZiZDZiaFZiYFDjKGhk7HnlqHKkTHhkkIQjSIyjoJfj$J6jCKZidLZihMZi6NijXNDjvOfk3PTklPNlEPGmEPQn%EP$v%zM$v%zMQnzMCm0M$luLnlsKnlZJnlzJyl9JIlRI0mxIjmmINmcIencIQn%cI$v%5F$v%5FQn5FymAEZl3Enl2DnloCnlOBIldB1mKACm%KA$v" /><g i="40" p="#^pxiupxVtyxztHxctXxYscyIsyyzsVypsizpsHzps1AzsoAIsEAYsUAct1BztbBVtbBiubBHu1B1vUAnvEADvoATv1A0wHzawizawVyawyy0wcyTvXxDvHxnvyx1vpxHupxiu^pxolpx$kyxFkHxikXx2kcyOjyyFjVyvjizvjHzvj1AFjoAOjEA2kUAik1BFkbB$kbBolbBNl1B7mUAtmEAJmoAZm1A7nHzgnizgnVygnyy7ncyZmXxJmHxtmyx7mpxNlpxol" /><g i="41" p="#^hBEp%hB$v%Wx$v%WxWd%PDWdDFWdXGmegINe7Jyf$JigpKmhQKqiQKHjQK$koK5mYJbn4J_ncIMoUGcpAFEpPDEp^hB0n%PD0nKE0nqFNm6GymzG7m0HHleH4lsHsksHHjsHZieHni0HNhzGnh6GZgqFLgKExgPDxg%hBxg" /><g i="42" p="#^5Fht3GhtQGYsBHDs7I2sFIsrXIDqdJNpdJLo%dJWd%AMWd%AMLoAMmq3MKryL5tzK5uBJ4vcIEvQGbw5FbwlDbwYBEvAA4vBz5uDy5t6yKrCxmqCxLo%CxWd%ZAWd%ZAKoZAMpfBCqxBrr2C1sACDslDYs6Eht5Fht" /><g i="43" p="#^AzWdOzWdYzYd6AZddA1elA4esAbezAieIAte%bKyq8K6q6KHp5Kgp5KVo%5KWd%3NWd%3N$v%jL$vWK$vFKTvoKLv8Kqv%IAojKANjLAbkNAAkNAVk%NA$v%Px$v%PxWd%AzWd" /><g i="44" p="#^MAqd%MA3o%lB3oFB3oQB_n$BUncCEn%oFJjBFtjQFkj4GajsGaj%hJaj%iFXn5FcoSEqoEEEonEOoEE_oQEep1FupeFMp%wJ$v%JG$vmG$v6GTvSFLvFFrv%pCAqdCiq1CdqRB7qtB7q%MA7q%MA$v%Gx$v%Gxqd" /><g i="45" p="%^GAoptwajrzaj#NzajXzgj#6AmjeAAjVCSn#ZCEn3Drn#9DdniD0ntFEj#CFpjMFij#XFajaGaj0JajNEfpbJ$vcG$v#TF$vGFQv#tFEvkFqvBCYq#uCprhCIrUzqv#LzDvyzPv#mz$v2z$viw$v" /><g i="46" p="#^swzfTwbfnxReUxvetyge3z0eLzTdrAKdeBKdkCKddD1e6EjeLETeoFrfKFeg5G0h5G_h5GXiPFEjxFkk6FRkIEllcEJlJD5mhDrmRCMmxC4ndCon9COn%SBDp%LzDp%yzAnxzwnxzunxzrnxznnxzQmOzqm4A0muAFlVAilnBZkRBDkfCekGCRjXCljdDRidD9idDJh2DmhUC$gACLghCugSBmgsBdgZAdgfAdgLznggzxgVyKgzyWgky4h6ydhWxdhtxdhgxSg^PyiuPyVtYyzt6zctmzYsCzIsYzzsjApsJAps6BpssBzsOBIs2CYsiCctrCztBCVtBCiuBCHurC1viCnv2CDvOBTvsB0w6BawJAawjAawYz0wCzTvmzDv6znvYy1vPyHuPyiu" /><g i="47" p="#^wDKdMEKdOF6eQGtezH8fjIPfJIMg8JJh8JTi8JTjQIKkxIAl2ImmzH7nUGSneGAowFkp%rBut1CjtCCdtbD7tJD7t%lI7tRI7t8JptrJHtrJ8u%rJ$v%2x$v%2xZu2xFuaxkuix_tBxHt%4DcoMDvniESmREdmdFBlBFZkNFkkZFHjZFZiZFkiNFRhBFlhfF0hVEGgqEvgXDkglDkgdCkgvBUgOAshvApimATi4A4jPzhjozhjczhj_yfj%mxZiyxFh4yHgCyIfqz2feAnegB3ejCKdwDKd" /><g i="48" p="#^ODKd2FKd2G5e3HreMH4ftIIfSIzgfJphfJoifJfj2JVjSIzkuI2l7IxlBHTl3HcmoGrm0IYmPI$nCJ2pCJEqCJ_r5J1tBI3uLHMuVGtvNFQvGEbwqDbw3Cbw2BTv2AzvizYuyylu0ystuxzs6xpr%uyRqQyIqbzIqwzIqMzRq1AZqaAeroAGrFA5sWAwsiBSsGBbtaCotHCBtoDBtaEBtLEltlF4tKFGs8GfskGLrwGfrwGKqwG4qnGypfG0pPFEonFgoyE3oKDRnmCRn%mCFlvDElfErl$EelrFUkUFxk3G1keGxjeGWieGEhxF_gREkgDDkgxCkgOBVg4BuhOApiEATinA4j6AhjHzhjuzhjgzfj%ExZiQxFhmyHgVyIfIz2fwAneyB3eBCKdODKd" /><g i="49" p="#^SJYmSJkplJ4rRIPsYHYt3H4vRFEvDEbwdDbwOBbwBAEvoz4vvyYtCxPs6x4rCwkpCwYmCwBk6xSiCx6hvy_fozReBAieOBKddDKdDEKdRFie3HReYH_fRI6hlJSiSJBkSJYm^GGYmGG$knGJj5GqiCFGh8FVgwECgUDigdDigyCigWBCgjBVgQAGhmAqi4AJjOz$kOzYmOzWo4AdqmAvrQAgsjB0tWBktyCDtdDDtUDDtwEkt8F0tCFgs5GvrnGdqGGWoGGYm" /></glyphs></font><font id="40" name="Lato Light"><glyphs><g i="0" p="%^gz2dcA2dcAoAgzoA" /><g i="1" p="" /><g i="2" p="#^6HRqiHbrrHBrwHorBHcrGH0rMHQq%JOyePOneVOle0PjebPje%4Qje%4Q$v%YO$v%YOWgYOCg$Oeg%1IBsSHWsxHWs%kHWs0HWsQGBs%HzegKzBgKzWg%Kz$v%Cy$v%Cyje%uzjeGzjeMzleTzne_zye%6HRq" /><g i="3" p="#^LCmj5Emj8FQjcGhkWG7lEHYl0I8npIjopIMppIer0IpsEHAtWGqucGfv8FIv5E9wLC9wpB9wlAIvizfvzyquRxAtsxps4xer4xMp4xjosx8nRxYlzy7lizhklAQjpBmjLCmj^LCdvSDdvHERuxFsu4GLtEG1tVG1sbH0rbHMpbHxoVGxnEGwm4GOlxF4lHEHkSDikLCikEBikPAHk_z4lqzOlSywmAyxniyxoiyMpiy0rAy1sSy1tqzLt_zsuPARuEBdvLCdv" /><g i="4" p="#^QG$vwG$vsGGv%kGItwFQupEvviD9wWB9wEz9wmyAu4x_s4xPp4xsorxhnOx5muydlazlkaARjbBljvCljMDljHEPjCFhkhGbl%hGPd%uHPd%uH$v^gCbvvDbvvEzuvFWthGNs%hGdmzF9lHEJkQDhkJChkDBhkOAHk_z5lqzQlSyymAyzniyAoiyPpiyAskzUtmAbvgCbv" /><g i="5" p="#^Vyzj%VyvrVyftIzfuvAfv8CfvlDfvoEDusF$thGVs%hGzj%uHzj%uH$v%QG$vtG$vsGGv%lGPtuFUulEyvdDbwRBbwOAbw0ATvfzyvKyXueyjuZxstIxBsIxvr%Ixzj" /><g i="6" p="%^yzPdyz$vmy$vmyPd" /><g i="7" p="#^ICmjLDmjEEKjxF5kbGNkRGtlcHumAHvnAHPoAH4pvHbpqHhpfHhp%gyhp%gywpgyWqBy_rWy2twzMt6AuuYARuPBcvSCcvODcvuE$uaFOuEFyu6GhunG4uFGTtNGTtYGTt1H$t%mHou3HMuzG5v4GqvtFFvSETv9E0wtD9wNC9wvB9wsAJvpzgvFyquVxztvxls5x6r5xwp5xbotx3nSxWlAy6lizhkkAQjnBmjICmj^JCfkLBfk_AykeARkGzpl6zZlMyMmqyynjywo%wGwowGwneGKmZFXltFolZERkgEykzDfkJCfk" /><g i="8" p="#^Sz3v%VD3v%VDKgVDigYDQf%2AhjWzpjLzpjyzpjqzfj%3zLi%aEee%5Fee%5F3v%YI3v%YI$v%Sz$v" /><g i="9" p="#^cGdl8Ghl4Gkl1GnlWFnlOFnlAFclmF1l$ERkEEEk5EtkyDikNCikIBikTAHk2A3ltzNlVyumByvniywoiyMpiy4rCy5sWy6tuzPt2AvuRASuEBdvCCdvwDdv6E0vJEOu6FyuwFiuKF5uZFTt6GTtgGTtmG$t%HGouoGMuYF5vxFqvZEFvqEUvND0w8D9wrC9wfB9wgAKvizivAyuuTxFtuxts5xhr5xMp5xlotxanRx$lzy9lhzikjAQjmBmjJCmjWDmjSELjPF8kwGOk" /><g i="10" p="#^0y$v%0yPd%czPd%czHl3ADkaB$jhCmjFDmjGEmjsFHjeG0kLGDkgHelwH5mNHYmNH2o%NH$v%BG$v%BG2oBGimOFjl$EjklDjk7Cjk4BYk1AAlczGm%cz$v" /><g i="11" p="#^YF$vAF$vuFEv%jF3uOEzuhEZuNDmveDEvHCVv2C2wpBbwFAbw0Abwpz$vPyPvlyrvUx2vCxrukxQtkx_skxbsNxwreyRqbzlq8ARpEByp9DfpgFcp%gFUngFamwEflNDjkjCjkpBjkNAzk9APkJz6lhzpl$yFlKyVlyyVliyVlayHl%YxklWylk$zRj4BljrCljrDljbEGjXE_jqFAkWFalaG0mqGSmqGUn%qG$v^YAkvGBkvhCavUC0vpDKuWDsunE4uQEHtgFet%gF$puD2qcCgqWAuq5ASqgzerTyLruygsuyXsuyztHy0uUytudzMuzz3v0AcvtAkvYAkv" /><g i="12" p="#^0y$v%0yzj%Gyzj_yzj2zTj%9zLl$zGk7B0kgCmjFDmjGEmjsFHjeG0kLGDkgHelwH5mNHYmNH2o%NH$v%BG$v%BG2oBGimOFjl$EjklDjk7Cjk4BYk1AAlczGm%cz$v" /><g i="13" p="#^yzzj%yz$v%my$v%myzj^4Ahf4Avf_zIfUzUfKz2gBzbgozhgbzmgZymgKymgxyhglybgby2g2yUfYxIfSxvfSxhfSx2fYxRe2yDebyuelylexygeKyaeZyaebzaeozgeBzleKzueUzDe_zRe4A2f4Ahf" /><g i="14" p="#^WL$v%XK$vMK$vEKVvxKPvtKFv%oIwq%Izwq%DxFvAxOvsxVvkx$v9x$v%bw$v%pDje%HEje^5AAp%0IAp%pEEgjEqgdE9g8EUf2EBfZDUfTD9gNDqgIDFg" /><g i="15" p="#^pBbw9AbwrzvvKyOuKykt%KyRk%YwRkPwRkJwMkEwHkEwyk%Ew5k%MyXj%3zuf4znf9zifezcfnzcf%Xzcf%XzYj%RDYj%RDRk%XzRk%XzgtXzNt3A9ucAwurAMuGA$uZA6vhBdvFBdv5CdvqC5vLCYu_COudDEunDwuxDnuCDnuJDnuPDvu%8E1vFDzvWCTvcCbwpBbw" /><g i="16" p="#^SE5lNEhlBEhlsEhleE7l0EZkFDNkiDAkNCqkgCgkwBgkRAgkhAtkKzFkkz_kXyilJyKlvy9mvyEmvydnOyCn6z$nBzgo4AxoHALojBYoYB9pCClpdDBpRDQpkEcqQEzq7F5rqFCrqFmsqFat7FTtREzuhE4vJDBvVCUv5Cbw3BbwLzbwOyNvSxmv6xHu%oxfusx9uxx6uCx3uKx3uVx3u8ygunysuLyHu8zWuIz7vhAjv6BjvVBjvvC5v5DTuvDvuVD7u6EDtjE7tjEzsjEXr0ExrJD6rdDQqKCxq6ClqvB8qRAXpbAKpzzvpYygptyVo_xxoGx0onxvnnxJmnx3mFxslYxRkuynk0zVjNzEjyAmjuBmjDCmjvDHjoE0k7FHk" /><g i="17" p="#^uy$v%uySk%KwLkmwJkmwrk%mwYj%uyYj%uyniuyjhLywg1zIfxzaf1ADeKAmerB5ehC5eGC5e3DaetDeeMDme%JDWeJD6fuD6flD6f4D4fQC1fsC1fRB1fjBdfOAofqAOf2AbgRzQgEzthEzpi%EzYj%GDYj%GDRk%GzRk%Gz$v" /><g i="18" p="#^Cy$v%Cyje%IDjedFjejGDeqHWe8IvfTI4gdJWgAJLhAJPiAJwjkJak5JPkDImlaIVlvHjmQGJmZFXm3IfnbJkojKopjK9rjKhsVJbtwJ4uLIIu_HkvTGGvMF$vlE$v^Uzwn%UzZu%kEZuFGZuRHZt1JYs1J8r1JiqIIDpoIYoOHuocH0okGMnsFwnlEwn^UzAm%JDAmYEAmPFhmHGZleHslOHXk3IikkIEjkIYikIahbHfg3GkfIDkf%Uzkf" /><g i="19" p="#^sL0tAL0tGL6t%aMEtDLeuZKIukKavyJvvNIQvSH$vYGbwRFbw0EbwuCyvYAVuSzKtMyys9yTqyxcpyx8nyx8layujOyPhXzDg5BqfHCMehE6ecG6e9H6eYHgeMIpesJGe8KXeLKlfnLKfYLgg%zLQgtL_gfL_g8L_gZKSgOKJgxKxggKkgTJ5gvJSfZIGfsIufMHmf4HdfcGdfBEdfeDNfUBkgVAmhXzoiozSjSyklSy8nSy0pozvqWzZrTA_sQB$t6DyupE5vWF5vTG5vCHZulIRuZIBuCJlu8K_tHKDtcL7tgL4tjL2tnL0tsL0t" /><g i="20" p="#^0y$v%0yzj%DyzjSyzjYyFj2zKj2zYj%9zAmLz3lLAckLBljdDljNDljfEtjJEBj9FPj%_EEkYERkKERkFERkwEOkoEKkaEGkZDCkGDzknDwk_CwkABwkGAolMzgmczVn%cz$v" /></glyphs></font><font id="50" name="LatoItalic"><glyphs><g i="0" p="#^eGLpjG0qnGgqsGvqwGMqKGeq1HLp%3OuefOceqO9eCO5eWO5e%FQ5e%sO$v%pM$v%2OMi3Owi7OeibOXhfODh%hHRsYGntnGnt%2GnttFntgFRs%YABhXAVhWAbiWAtiUAJi%gz$v%cx$v%qz5e%7B5erB5eCB9eOBceVBue%eGLp" /><g i="1" p="#^BBruvCrufDXt$DrtwECs2FMrkFHqDFBpDFpoDFFmXENlfEUkYCUk1CUkhBolyATl0AImuzxnczDoWyIpWyUqWyEsBzythAruBBru^oBawmAawuzPvDysv$xNunx6u0x8tGw9sGwVqGwjpaxVnGxumyyqlqzmkBALjNB8j9D8jbE8j2FvjVFRjxGxk9HclvHbmSH9nSHooSH_pmHprSGPs_FTt7FXuXDzvLCawoBaw" /><g i="2" p="#^qAlj%tznrrzDrqzSrpz4spzispzjtNzPtaAju_AjuzBjuaC$tNCHtlD7tVDysoEKrUEWqfFWp%1Glj%fIlj%JG$v%DF$veF$v0FQvPEEvPEhvPEgvQE3vRERuSEBuTEluUE8uVEWtVEVt%$EUs_DvuKClvuBawaAawLyawZxdvbxfubxrsbxbscxXrdxGrfxnr%cylj" /><g i="3" p="#^1FmlWEwlPEBlJEFlAEFlpEFlbEwl_DnlHDclpD1lZCUkyCLkYBLkoBLkWAVktA3l7AllOzClCz_lqzlmqzMmqzlnPzIncA2oNAjonBzo2COoKC1pjDppVDMpiEkqHEUqHENrHEFslEst$DfumDSuJCtvPBQvVAbwNzbwzybwDxMvIwkv7wFu%GwPtMwEtVwzt2xttfxttsxttFxEtSxPt8y1uryfuUyrumzCu3ACuGACu9BquFBeu$BWtlCCtxCbtJCMsJCisJCFrkChrXBVqlBFqMApq5AbqqzZpQyDpeyhpRxKotxbotxgntxtmNxKl6y_kIyqkizRj9Avj0B9j5C9jdD9j5ExjZEVjBFzk" /><g i="4" p="#^$G2m$GTmFGAnkGgoqFQoxEnpYCOpnBcqVysqUyAqUyJqUyRqUy_qUyFsDzytmAquQBquqCquUCiumDauJD$t5EPtnEBtFEntUEbt8F$skFTsxFLsKFLsZFLs9GZs%IGFt3GjusFNuREfvcEzvADTvTC0wbCawoBawiAawqzPvzyrvZxNunx6u2x9tKwcsKw1rKw3qXw5p8x7oxxfnWxnmuyDl3zTkOzkkxANjpBtjhC9jiD9jgE9jYErjFFJj6G8kzGzkNG4l$GBl$G2m^aDMkoCMkJB5l3BplyA_l2AymGzjnjz4o6zZo2BKocCromD7o_DMnCEpnPE$m0FAm0F8m0FVlVEGlPEqlBEelnE1l0EVkGDMkaDMk" /><g i="5" p="" /><g i="6" p="#^Wwlj%Kylj_ylj7zujhzCjjzOj%cBXriBpslBTsoBktpBNtyBktHBTsRBqs4CXr%$FOj5GBjgGtjsGljFGlj%oIlj%2C$v%bA$v" /><g i="7" p="#^Tw$v%pykj%wzkjSzkj3AvjgAFjgA_jgA1kfA7kfAdkeAkkeAqkeAvkeAAkeABk%2AUmSA8lSBbkTCej_DejwEej1Ftj%EEBl2EmlvDmlhCmlkBymoAJnLz7q%2z$v" /><g i="8" p="#^bG$v%1F$vBE$vrENvhEyvhEdv%wEFs3EstyD6u1DLurCdvSBGvdBWvBAawVzaw9zawxyTvWxAvux0v3xruQwCtBwNsBwIrBwAqTwwp9xsoGxvnbyymVyMlEzZkxAokqBOjrCujtD9jBE9jpF9jaGijYGqjIHLj^KAjulBjuXBXtxCzt2DUsADcs1EhruElqREep%nFUk5FQkQEPkzENkiENkyDNkRC1l9ChlxBJlWA9mqAMmWzmnzz5odzPo0zEpPysqPyjrPyjuKAju" /><g i="9" p="#^dGJtAFru_EVupEnvPDFveDXvBC2wZBawfBaw9AawjzOvtyqvUxLukx3u1x6tKw8sKw$qKwspdx2oIxEmzyzlqztkCAPjOB9jdD9jtE9jjFCjaG2kPGVk%6GKl1GRlWFVlPFZlGFZlvFZlkFPl9FFlUEtlDEgldE6lPDYkaDYkjCYkyBqlNAUlcAImDzwnizDoZyKpZy0rZyNr8zqsjz2tFzvt0AXtwAbu1BquIBqugCquICju8DbutD0uPDQt3EDtkEqtxEftKE3tVEYs4FQsfFQsvFQsGF2t%dGJt" /><g i="10" p="#^_w$v%czBd%qBBd%oA8mnBFkACVjND9j2F9juG9jfH6k1I2l1ISm1I6n0Inn0IEnZHXn%0H$v%OE$v%LFXnNFHnOFsnPFdnPF0nPF_lqFul2F_kdE_kFD_k3DiltCBlVB9mlBJmSAwnnAjo0Ahp%cz$v" /><g i="11" p="#^cx$v%qz5e%JE5e6G5e6Hne7IFeMIafqJHfKJrg2Kah2K5i2KUiPJDjAJlk6JYkFIzlYH2mgHwmlGOmYH9nMI3oAJZoAJnqAJCr8JEsIIGtSHqu0HavPFBvCE$v5D$v^yAPn%Mz8u%hD8uhE8u1FUtNFDtgG8tMGEs0HYrgHgrgHpqgHdptGwoGFPn3EPn^LA9m%ED9mFE9mpFUl9GDlFG8laHFkqH_jGHjjGHviGHdhUGAg7GWfvEWf%xBWf" /><g i="12" p="%^5x$vkzBdwBBdhz$v" /><g i="13" p="#^Tw$v%nykj%vzkjfAkjfA4k%3Awm4BRklC$jCD9jZE9joG9jaH6kYH2lYHTmYH7nXHonWHEnUHXn%XG$v%JE$v%FFXnHFHnIFsnJFdnJF0nJF_llFvlZE$k9E$kyD$kWCkljCFlKBfmaBQmGAGnaAwoQzzp%6z$v" /><g i="14" p="#^_xCt_xxt_xqt_xit$x4t1yRs3yus6y7sayxr%Zycl%yxcloxclhx6lax0laxPkaxNkbxGkcxykdxpkexgkfx7khxZjixQj%ezzj%aAFfeAtfmAmfvAefIAef%TBef%kBBj%FEBj%tEcl%7Bcl%mAqriAXrgAfseAzsdALscAXsbA0tbA4tbA7tbALtuA3uNAnuhBnuCBnuSBhu6CbuhC4utCYtBCStJCMtQCMtWCMtZCQt1DTt5D_t%zD2vZCAvbCUvpBbwCAbwpzbwIyxv$xTu_xCt" /><g i="15" p="#^XzMzGzhAazhA%yxhA%hAfv%$wlj%Rylj6zljeztjmzBjqzOj%sBMrwB1syBisBBzsCBPsJBzsQBisXB0s4CLr%4GNjaGAjlGtjxGljJGlj%tIlj" /><g i="16" p="#^lwhA%pykj%wzkjgAkjgA4k%2AMmxAYl5BhlFBCkgC8kUCFjzDpjeE9jXE9jyG9jrHkklIvllIMnlINo7IPpWHQqxHMr8HHsAGvt1GjulFVuFEvvSDRv3DawbCawfBawtAPvIzrvazLu%vyhA^5EXkvDXkTCjlgCHlHBmm6B1nCAZn7AUoMzZp%mzbtRzTtvA9uaBruSBruwCru4DauFDUt7EqtCEYs_EksmFHrCF_qTFgq0Gvp9GJo9GZn9GumCFJl4FXk5EXk" /><g i="17" p="%^uAbpsxljrzlj#HzljOzpj#Vztj_zFj6C$n#aCSneCKn#jCCnpCtnhFHj#pFwjwFrj#EFljOFljPHljhDcpFG$vGE$v#qE$vhETv#9EKv3EzvGBvq#yBMqpBZqZxzv#RxLvHxTv#yx$vjx$vnv$v" /><g i="18" p="#^UAlj%mz$v%ax$v%Iylj^JBmfJBHfBBZftBfgfBtg1BHgLAPguAXgaAXgUzXgCzPglzHg7ztgWyfgOyZfGyHfGymfGy2fOyMeWyte8zfemz1eDzVdVzMdbAMduAMdMAUd2B0efBeetBreBBLeJB2fJBmf" /><g i="19" p="#^GAbl%pzAv%QyayCy6zGx6z%Ow6z%uydl%ex3l1x$kVwUkNwNkNwzk%TwBj%HyBj%Rymi_yhhozrgOzBfpA0f1BqePB7eCCQdxDQdiEQdXE4e%JEefIEpfyEsfpEufbEuf4EufXDufPDufFDuf7DufGCEfdCOfSB8gwBughB2h2BChXAqi%OABj%YDBj%KDbl" /><g i="20" p="#^bGRmaGtn1GZnUFtoGFVotFkpdFIpZE4qLEsqxEQqoEdrfECrfE3sfEBsvE0tMErt3FUtnFluDFTuUFpvUF7wUF0xtFPx3FCyiEdzxDQzrCbAlByA_zyAVyyA$xjA6x5AuwGzSvgzwvHyav6yavpxavqwHvJvbw$u0xxuSx3uWySt$zEt6BEtzBEt$BHtsCJtUCNtNCytICitEC1tECKsEClsLCXrTCwr9D0rGCkr4CwrvBHrLAHr1AHrozsrMycrhyLqPxhqxxBpgxUogxZngx4nBxdmWxllzyFkczZj8Azj4B9jiC9jGD9jHEOj%7IOj%0Ixk$HLkTHWkMH5lwH8l%YFpl3GKl7G5mbGsmbGRm^mBhq1ChqyC$p3DIpqDdpNDKoZD8o9Exn9EWm9EQlBDgl1DIk3CIkoBIkTA_kmAfl0AJlGzamuzMmizlniz_niz6pRzIpoAhqmBhq^SDiwSD_vODIvKDqvEDavZC3vnC0vNBYufBYueAYuuz8vKyjveyDvLxWvwxjwhxIwhx7xhx1y1yvyOy_yaA_y$A_yGBMymCyyRCaykDPxBDkxSDRwSDiw" /><g i="21" p="#^rF$v$E$vRENvHEyvHEdv%WEAssEotUD3ukDJuICbv5CFvqBWvLAaw3Aawryawyx$uFwPtFwzrFwxqSwvp4xtotxynSxCmqyPl_y$kFzqklAQj8BvjXB9jPC9jKD9jvEwjhFTjPFyk%GGBd%SIBd%AG$v^VAnuvBnu6C0uJCEthD_sRDkslEqrREwqcFsp%CF5m8FrltEalPDUk8DUk9CUkmBulzA3m$z$mszWn9z4pSydqSykrSyPsozBtWznuVAnu" /><g i="22" p="#^ywDuywiuGw0uOwJt$wwtdxitvxatNx2t6y2try2tJyat$yitczwtqzJtyz0uGziuGzDuGzYuyzevqzwvczKv$yXvJy3wrybw6ybwNxbwvx3wdxXv$wKvOwwvGwevywYuywDu" /><g i="23" p="#^tEbuiFbuXF2uAGVt3HItyHvtUHgteI0tuIQsLIDsWIus5JlseJlslJlsqJosvJrsyJvs%mKvtbJNuFHuv7Gbw5EbwuCbwcBDvXz2v2z0uay_sIxzrex8qexpoex5mYx9kHydiYzQgdBqfXCFeFEUdDGUdAHUdlI3e7JdeLJxeoKReVKhfrLJfTLfg%4Ldh_KlhSKrhKKwhyKwhkKwh4KghQJ0hoJJgYIqggIagBHWfwGWf3FWfODwgxC5hCBaiHAfj9AOkDzkmDzeoDzDp_zJqmAPr$ABsEBmtwCNtpDbutEbu" /><g i="24" p="#^pBBd%5Apo%uApoKApoUAlo2BhofB4o%rFNjEFBjQFtj0GljjGlj%gIlj%oDiocDvo0DGoRCQoDCYoQC6pYCjp5DwpeDLp%1H$v%7F$vRE$vGEVvwEOvnEzv%9Bnq_A7qQA2qGAYpkAYp%VzYp%az$v%Zw$v%ezBd" /><g i="25" p="#^Tw$v%pykj%wzkjgAkjgA4k%5Akm1BMk8CZjfD9juE9jNF9joG1k$GVk$GymYHPk7J_jjK9jCL9j$M9jHN3koOZkoOHmoOZmmOhnlOBnjOXn%mN$v%aL$v%7MXnbMknbMQmbMUlTLslzL$kQK$kiK$kLJgldJxlJI3mdIAmNHlnmH6o0H6p%cG$v%0E$v%ZEXn0FBn1Fin3F$m3FKm3FRlMEqltE$kKD$k8D$kACil1CBlxBam2BKmCAznbAnoRzop%2z$v" /><g i="26" p="#^_w$v%czBd%oBBd%iAxmMANljB9lSBwksC4k3DEjIDpjmE9j1F9jEG9jyHkksIvlsIMnsINoeIPp0IQqDHMreHHsGGvt7GjurFVuMEvvYDRv9DawhCawhBawsALvEzjv6zxu%YylvSyGvIyRvyy$vay$v^cEXkBDXk_CjlnCHlOBmmeB0nKAWneAQoTzWp%uzctYzTtCA9uhBruZBruCCrubDauMDUteEqtJEYs5FkstFHrJF_qZFgq6GvpfGJofGZnfGumIFJlaFXkcEXk" /></glyphs></font><font id="60" name="Lato BlackBold"><glyphs><g i="0" p="%^NEghNEcmpJcmpJ_oNE_oNEYtEBYtEB_o2x_o2xcmEBcmEBgh" /><g i="1" p="" /></glyphs></font><font id="70" name="LatoBoldItalic"><glyphs><g i="0" p="#^tErtdFrtNFktmGctNG0tcHQsvHDsOHqs0IesfI2sqIXrBIPrMIPrWIPr0JTr7JXrbJ$r%kKpt8JLuyHtvZFbwVDbwfCbwYABvFz$uLyYtSxVsoxtrWw1qWwkoWwMmfxnlBx_jdyPiRyDhJzHgBALfFB5fJCqeXD4eaFKdwGKdvHKdjIWd7J5eNJqesKKeZKcfvLFfWLdg%OKzhGKJhvKQhkKXh4KXhPJXhzJJhjJuhWIdhxIYgWHKgkHvglGvg2FvgXD1hQCzh$ByiaBxjIAXkeAkmeA3oeAkpyAkqTAjrrB0s$BIsMC4tyDrttErt" /><g i="1" p="%^Ow$v2zqd5CqdRz$v" /><g i="2" p="#^vBaj%Zz$v%Ww$v%ryaj^hCrfhCRf6CcgXBygGBPgpB3h2BdhIAnhkAnhZznhDzdhhz3h0zPgLyygBycgryRfryrfry2fByHeMyje1z2eizNdEzDd_ztdlAtdJAtd3BDdpBNdGB2eYBie6CGehC1fhCrf" /><g i="3" p="#^sGJtQFqueFVuFEnv3EFvtDXvOC3w8CbwlBbweAbwmzPvuyqvSxJufx0uWw1tCw2sCwQqCwgp6xSnCxrmwymlqzhkFAEjUB_ilD_iDE_iwFrjpGUj6HNk%7GZl0G4mSFamJFgmyFgmlFgm9F8m_E$lLESlxEIlbEAlRDrlhDrlACrlWBQlhBcmNAWmiAEn$zEoIzEpIzRqIzfskA1tYAOt0COtJCOtbDBtFDnt_D8tjEUszEHsQEus7FushFusqFzszFEsGFMs%sGJt" /><g i="4" p="#^5Cqd%OA3o%6B3ooB3ozB_nLBUnYBEn%lFJjAFtjPFkj2GajpGaj%9Jaj%XEXnIEcosEqodEEoZDOocEZomEepwEupFEMp%QH$v%9F$vQE$vCETvoELveErv%LBAqBBiqrBdqhB7qXA7q%xA7q%Pz$v%Mw$v%2zqd" /><g i="5" p="" /><g i="6" p="#^KBPtwCPt8DntMDWscEbsFErrUEsq7Fsp7Fno7FPmBE4m3Ell_ClldCllBBNlZAcmxAYm5AInRzIoCzHpCzNqCzls8A4tGAPtKBPt^tBbwpAbwvzQvBytvXxNuhx5uVw5txw5sxwPqxw8p3xInBxgmvydlqzakEAAjTBZigDZikEZieFkj8GHjOGnksH3lQH3mcI3ncIlocI$pGHrr8HSsdGWtiFZu3EAvRCbwtBbw" /><g i="7" p="#^Ew$v%ay9j%Lz9jeA9jvApjNAEjNA9k%HAQlFBokRCHj1EZiiFZi0GZiBGejaHujAH_j$HtkdIblsIVlsIRmsI4nqIknpIAnoIQn%qH$v%lE$vBETtMEqsXEYq2F_p9F$odFsohFUnjFCnlFjnlFdnmF7nmF3nmFem3FTlMEvl7EvlCDvl3DOlwC5m0CFmwBcn5B_nHALoqAIp%Kz$v" /><g i="8" p="#^QxntQxitQxbtQx3tRxQsSxBsVxdsYxQr1yer%Kyul%xxuljxulaxml2xdl2xZk2xYk2xWk3xTk4xLk5xCk7xmk9x5kcxCj%9zhj%aANffAxfqAofCAffTAff%xCff%1Chj%7Fhj%SEul%LBul%3B4r$AArZAUrXAbsWAmsVAwsUABsUAFsUAHsUA9t6BrtlBItNBIt1CItdCEtpCztyCvtHCqtOCmtVCht$Cht8DhtdDmtiDqtmDzt%1E3vlDDvvCVvFBbwPAbwszbwFysvSxJuQxnt" /><g i="9" p="#^Kw$v%$yqd%4Cqd%6Bml2C9k8DzjeEZinFZi5GZiGGejgHujGH_j5ItkjIblxIVlxIRmxI4nwIknwIAntIQn%wH$v%rE$v%pFQnqFCnrFpntFcntF1ntFcm9FRlREulcEulJDulcDMlIC1mdCxmLB0nkBJnWApoEAgp%Qz$v" /><g i="10" p="#^sH9msH0n6HKnMGroTF$o$EzpuDZpZBnqCzCq%CzMqCzOtaCOtJCOt8DHtADAtUDrtdEhttE5tJEVsXEMs9FCsnFvsBFosRFos_Fos7GtshGxsoGGs%aHDtwGhuTFMueFfvzEzvVDTvaD1wrCbwzBbwrAbwwzPvCyqvYxKujx1uYw2tCw3sCwSqCwRpQwTo2xUnsx1nSx9msyql3zGkPz8kAABjuBijoC$iqD$irE$ibFijYFAjsG1kYGukcH2lsHClsH9m^fD9lDC9l4CplyBFl6B7mHAAmmAen2ATnSzEopBpolCaoiDWnPDDnlEknvE_mGEEmGEgmGE4mBETlwEGllEwlaEmlVDglED9lfD9l" /><g i="11" p="#^Ew$v%cy9j%Mz9jdA9jvAmjOAzjOA$jOA$jOA2kOA5kNAjkMAwkLAZkKAqlIAfmuBKkqCWjmD5jnE5jUE5jpFjj%REgmdE$lFD$lyC$lIB3nTA7olAoq%Gz$v" /><g i="12" p="#^IG$v%5F$vxE$viEKv4Etv4E3v%aEjtkDEugCqvcBbwWzbwczbwzyVvXxCvtx2v$wtuKwCttwLstwCrtwsqLwnp2xhoAxkn6ynmSyAlCzNkxAcktBDjyCjjDD_iQE_iHF_iyG6jqHejgIzj^8BFtFBFt8CjtECYs4DlswDJrUDUqgE2qxE4p%1FdlHEalpEalmDaltCFlBB7mXAXmiAKnWzPoyzTpyz3ryzpsZz1tpAFt8BFt" /><g i="13" p="#^9FBl0FNlUETlMEYlzEYllEYl7EQlVDIlCDyljDolWCglyC8l0C8l1B8lvABl_z1m_zHm_z4ncAlnqACnMAPn6B0ozBbo0ClouCyoZCKopD_oSDdpcEApzEWpNEqq$EVq$EBr$EwsDEmtgEbuADQuUCsvVBQvXAbwKzbw7zbwyy3w_xYvuxLv_wxvAwfvbwYuUvDu%EwrtNwetZw7tax$sqx$sHx$sUxat6yktoyxtHyJt5zUtvz2u8A2uFA2u2BVtrBMtIBxtZBit6C_sfCGsfCjsfCUr1CCrQBkrtB7r6BWqFAMqdACqLzrqhzgqQy2qnyPp0ytpGx7psxEofx8ofxqnfxAmAxNlVxZkxylkazJj4Alj$AZibCZipDZilEojiFPjYFtk" /><g i="14" p="#^Ywaj%izajCzajQzlj2Avj3ALj%PABqTA9rTAHrUAcsWAKs6BcsjBHrwB9rKBBq%xEJjDEtjREjj4F9jlF9j%GG9j$G9jbHjjnHtjpHJj%tIBqAI9rEIHrIIcsLIKsUIcs2JHrcJ9rpJBq%ULLj_LvjcMljrMajJMaj%ZOaj%HJ$v%iH$vVG$vQGrv%BF1oxFxnuF4npFknjFAndFPn7F3o%4CrvRB$vpB$v%7z$v" /><g i="15" p="#^qwiuqwVtzwztIwctYwYsdxIszxzsVxpsiypsIyps2zzsozIsEzYsVzct2AztcAVtcAiucAHu2A1vVznvEzDvozTv2z0wIyawiyawVxawzx0wdxTvYwDvIwnvzw1vqwHuqwiu" /></glyphs></font></bwFonts>