<?xml version="1.0" encoding="utf-8"?><bwFrame xmlns:xsi="http://www.w3.org/2001/XMLSchema-instance" xmlns:xsd="http://www.w3.org/2001/XMLSchema" default_layout="prevnextnosubmit1111000111" textdirection="ltr" device="false"><layouts><layout name="noprevnonextsubmit1111000111" font="Arial" controllayout="noprevnonextsubmit1111000111" colorscheme="prevnextnosubmit1111000111" string_table="prevnextnosubmit1111000111" /><layout name="prevnextnosubmit1111000111" font="Arial" controllayout="prevnextnosubmit1111000111" colorscheme="prevnextnosubmit1111000111" string_table="prevnextnosubmit1111000111" /><layout name="noprevnextnosubmit1111000111" font="Arial" controllayout="noprevnextnosubmit1111000111" colorscheme="prevnextnosubmit1111000111" string_table="prevnextnosubmit1111000111" /><layout name="noprevnonextnosubmit1111000111" font="Arial" controllayout="noprevnonextnosubmit1111000111" colorscheme="prevnextnosubmit1111000111" string_table="prevnextnosubmit1111000111" /></layouts><control_options><optiongroups><optiongroup name="sidebaroptions"><options><option name="title_enabled" value="true"><options><option name="title_text" value="LabVIEW Core 1 Module 4" /></options></option><option name="logo_enabled" value="false"><options><option name="logo_url" value="" /></options></option><option name="sidebar_enabled" value="false"><options><option name="sidebarpos" value="left" /></options></option><optionlist name="tabs"><listitems><listitem name="resources" value="false" group="linkright" /><listitem name="transcript" value="false" group="linkright" /><listitem name="glossary" value="false" group="linkright" /><listitem name="outline" value="true" group="linkright" /></listitems></optionlist><option name="time_enabled" value="false"><options><option name="time_format" value="" /></options></option></options></optiongroup><optiongroup name="menuoptions"><options><option name="flow" value="free" /><option name="wraplistitems" value="false" /><option name="tooltips" value="true" /><option name="autocollapse" value="true" /><option name="autonumber" value="false" /></options></optiongroup><optiongroup name="controls"><options><option name="volume" value="true" /><option name="seekbar" value="true" /><option name="search" value="true" /></options></optiongroup><optiongroup name="bottombaroptions"><options><option name="bottombar_enabled" value="true" /></options></optiongroup></optiongroups></control_options><control_layouts><control_layout name="noprevnonextsubmit1111000111"><control name="volume" enabled="true" /><control name="seekbar" enabled="true" /><control name="replay" enabled="true" /><control name="pauseplay" enabled="true" /><control name="previous" enabled="false" /><control name="next" enabled="false" /><control name="submit" enabled="true" /><control name="resources" enabled="false" /><control name="glossary" enabled="false" /><control name="transcript" enabled="false" /><control name="outline" enabled="true"><controls><control name="search" enabled="true" /></controls></control></control_layout><control_layout name="prevnextnosubmit1111000111"><control name="volume" enabled="true" /><control name="seekbar" enabled="true" /><control name="replay" enabled="true" /><control name="pauseplay" enabled="true" /><control name="previous" enabled="true" /><control name="next" enabled="true" /><control name="submit" enabled="false" /><control name="resources" enabled="false" /><control name="glossary" enabled="false" /><control name="transcript" enabled="false" /><control name="outline" enabled="true"><controls><control name="search" enabled="true" /></controls></control></control_layout><control_layout name="noprevnextnosubmit1111000111"><control name="volume" enabled="true" /><control name="seekbar" enabled="true" /><control name="replay" enabled="true" /><control name="pauseplay" enabled="true" /><control name="previous" enabled="false" /><control name="next" enabled="true" /><control name="submit" enabled="false" /><control name="resources" enabled="false" /><control name="glossary" enabled="false" /><control name="transcript" enabled="false" /><control name="outline" enabled="true"><controls><control name="search" enabled="true" /></controls></control></control_layout><control_layout name="noprevnonextnosubmit1111000111"><control name="volume" enabled="true" /><control name="seekbar" enabled="true" /><control name="replay" enabled="true" /><control name="pauseplay" enabled="true" /><control name="previous" enabled="false" /><control name="next" enabled="false" /><control name="submit" enabled="false" /><control name="resources" enabled="false" /><control name="glossary" enabled="false" /><control name="transcript" enabled="false" /><control name="outline" enabled="true"><controls><control name="search" enabled="true" /></controls></control></control_layout></control_layouts><colorschemes><colorscheme name="prevnextnosubmit1111000111"><color_group name="timer"><group_colors><color name="duration"><fill type="linear" rotation="90"><colors><color rgb="0x00D7FF" alpha="100" stop="0" /><color rgb="0x00ABFF" alpha="100" stop="255" /></colors></fill></color><color name="elapsed"><fill type="linear" rotation="90"><colors><color rgb="0xFEE347" alpha="100" stop="0" /><color rgb="0xFCCC2A" alpha="100" stop="255" /></colors></fill></color><color name="stroke"><fill type="linear" rotation="90"><colors><color rgb="0xC7C7C7" alpha="100" stop="0" /></colors></fill></color><color name="inner"><fill type="linear" rotation="90"><colors><color rgb="0xFFFFFF" alpha="100" stop="0" /></colors></fill></color><color name="text"><fill type="linear" rotation="90"><colors><color rgb="0xFFFFFF" alpha="100" stop="0" /></colors></fill></color></group_colors></color_group><color_group name="window"><group_colors><color name="text"><fill type="linear" rotation="90"><colors><color rgb="0x000000" alpha="100" stop="0" /></colors></fill></color><color name="inner"><fill type="linear" rotation="90"><colors><color rgb="0x0D0D0D" alpha="100" stop="0" /><color rgb="0xCFCFCF" alpha="100" stop="255" /></colors></fill></color><color name="bg"><fill type="linear" rotation="90"><colors><color rgb="0x808080" alpha="100" stop="0" /></colors></fill></color><color name="diva"><fill type="linear" rotation="90"><colors><color rgb="0x000000" alpha="100" stop="0" /></colors></fill></color><color name="divb"><fill type="linear" rotation="90"><colors><color rgb="0x000000" alpha="100" stop="0" /></colors></fill></color><color name="shadow"><fill type="linear" rotation="90"><colors><color rgb="0x000000" alpha="20" stop="0" /></colors></fill></color></group_colors></color_group><color_group name="editor"><group_colors><color name="slide_text"><fill type="linear" rotation="90"><colors><color rgb="0x000000" alpha="100" stop="0" /></colors></fill></color><color name="html_text"><fill type="linear" rotation="90"><colors><color rgb="0xFFFFFF" alpha="100" stop="0" /></colors></fill></color><color name="btn_bg"><fill type="linear" rotation="90"><colors><color rgb="0xA6A6A6" alpha="100" stop="0" /><color rgb="0x808080" alpha="100" stop="255" /></colors></fill></color><color name="btn_hover"><fill type="linear" rotation="90"><colors><color rgb="0xF2F2F2" alpha="100" stop="0" /><color rgb="0xAFAFAF" alpha="100" stop="255" /></colors></fill></color><color name="btn_down"><fill type="linear" rotation="90"><colors><color rgb="0xC7C7C7" alpha="100" stop="0" /><color rgb="0xF4F4F4" alpha="100" stop="255" /></colors></fill></color><color name="btn_border"><fill type="linear" rotation="90"><colors><color rgb="0xB1B1B1" alpha="100" stop="0" /></colors></fill></color><color name="btn_text"><fill type="linear" rotation="90"><colors><color rgb="0x000000" alpha="100" stop="0" /></colors></fill></color><color name="btn_text_shadow"><fill type="linear" rotation="90"><colors><color rgb="0xF0F0F0" alpha="100" stop="0" /></colors></fill></color></group_colors></color_group><color_group name="listitem"><group_colors><color name="selected_text"><fill type="linear" rotation="90"><colors><color rgb="0xFFFFFF" alpha="100" stop="0" /></colors></fill></color><color name="lines"><fill type="linear" rotation="90"><colors><color rgb="0xDFDFDF" alpha="100" stop="0" /></colors></fill></color><color name="hover"><fill type="linear" rotation="90"><colors><color rgb="0x005595" alpha="100" stop="0" /></colors></fill></color><color name="viewed"><fill type="linear" rotation="90"><colors><color rgb="0xBFBFBF" alpha="100" stop="0" /></colors></fill></color><color name="text"><fill type="linear" rotation="90"><colors><color rgb="0xFFFFFF" alpha="100" stop="0" /></colors></fill></color><color name="selected"><fill type="linear" rotation="90"><colors><color rgb="0x005595" alpha="100" stop="0" /></colors></fill></color><color name="shadow"><fill type="linear" rotation="90"><colors><color rgb="0xFFFFFF" alpha="100" stop="0" /></colors></fill></color></group_colors></color_group><color_group name="base"><group_colors><color name="text"><fill type="linear" rotation="90"><colors><color rgb="0xFFFFFF" alpha="100" stop="0" /></colors></fill></color><color name="diva"><fill type="linear" rotation="90"><colors><color rgb="0xFFFFFF" alpha="100" stop="0" /></colors></fill></color><color name="divb"><fill type="linear" rotation="90"><colors><color rgb="0xF7F7F7" alpha="100" stop="0" /></colors></fill></color><color name="bg"><fill type="linear" rotation="90"><colors><color rgb="0x055FA3" alpha="100" stop="0" /><color rgb="0x055FA3" alpha="100" stop="255" /></colors></fill></color><color name="border"><fill type="linear" rotation="90"><colors><color rgb="0x055FA3" alpha="100" stop="0" /><color rgb="0x055FA3" alpha="100" stop="255" /></colors></fill></color><color name="menu_shade"><fill type="linear" rotation="90"><colors><color rgb="0xFFFFFF" alpha="100" stop="0" /><color rgb="0x111111" alpha="100" stop="255" /></colors></fill></color><color name="slide_bg"><fill type="linear" rotation="90"><colors><color rgb="0xE9E9E9" alpha="100" stop="0" /><color rgb="0xCFCFCF" alpha="100" stop="255" /></colors></fill></color></group_colors></color_group><color_group name="button"><group_colors><color name="btn_bg"><fill type="linear" rotation="90"><colors><color rgb="0x111111" alpha="100" stop="0" /><color rgb="0x111111" alpha="100" stop="255" /></colors></fill></color><color name="btn_hover"><fill type="linear" rotation="90"><colors><color rgb="0xFFBB00" alpha="100" stop="0" /><color rgb="0xFFBB00" alpha="100" stop="255" /></colors></fill></color><color name="btn_down"><fill type="linear" rotation="90"><colors><color rgb="0x000000" alpha="100" stop="0" /><color rgb="0x808080" alpha="100" stop="255" /></colors></fill></color><color name="btn_border"><fill type="linear" rotation="90"><colors><color rgb="0x111111" alpha="100" stop="0" /></colors></fill></color><color name="btn_text"><fill type="linear" rotation="90"><colors><color rgb="0xFFFFFF" alpha="100" stop="0" /></colors></fill></color><color name="btn_text_shadow"><fill type="linear" rotation="90"><colors><color rgb="0xF0F0F0" alpha="0" stop="0" /></colors></fill></color><color name="btn_icon_color"><fill type="linear" rotation="90"><colors><color rgb="0xFFFFFF" alpha="100" stop="0" /></colors></fill></color><color name="btn_glow"><fill type="linear" rotation="90"><colors><color rgb="0xCFCFCF" alpha="100" stop="0" /></colors></fill></color></group_colors></color_group><color_group name="checkbox"><group_colors><color name="border"><fill type="linear" rotation="90"><colors><color rgb="0xB8B8B8" alpha="100" stop="0" /></colors></fill></color><color name="bg"><fill type="linear" rotation="90"><colors><color rgb="0xFFFFFF" alpha="100" stop="0" /></colors></fill></color><color name="check"><fill type="linear" rotation="90"><colors><color rgb="0x33CC00" alpha="100" stop="0" /></colors></fill></color><color name="text"><fill type="linear" rotation="90"><colors><color rgb="0x111111" alpha="100" stop="0" /></colors></fill></color><color name="hover"><fill type="linear" rotation="90"><colors><color rgb="0x6BF8FF" alpha="100" stop="0" /></colors></fill></color></group_colors></color_group><color_group name="logo"><group_colors><color name="bg"><fill type="linear" rotation="90"><colors><color rgb="0xFFFFFF" alpha="100" stop="0" /></colors></fill></color><color name="shadow"><fill type="linear" rotation="90"><colors><color rgb="0xB8B8B8" alpha="100" stop="0" /></colors></fill></color></group_colors></color_group><color_group name="menu"><group_colors><color name="bg"><fill type="linear" rotation="90"><colors><color rgb="0x111111" alpha="100" stop="0" /></colors></fill></color><color name="shadow"><fill type="linear" rotation="90"><colors><color rgb="0xFFBB00" alpha="100" stop="0" /></colors></fill></color></group_colors></color_group><color_group name="scrollarea"><group_colors><color name="bg"><fill type="linear" rotation="0"><colors><color rgb="0xDEDEDE" alpha="100" stop="0" /><color rgb="0xE8E8E8" alpha="100" stop="128" /></colors></fill></color><color name="border"><fill type="linear" rotation="90"><colors><color rgb="0xF6F6F6" alpha="100" stop="0" /><color rgb="0xF3F3F3" alpha="100" stop="255" /></colors></fill></color><color name="button_bg"><fill type="linear" rotation="90"><colors><color rgb="0xC4C4C4" alpha="100" stop="0" /><color rgb="0xB2B2B2" alpha="100" stop="255" /></colors></fill></color><color name="button_inner"><fill type="linear" rotation="90"><colors><color rgb="0xCBCBCB" alpha="100" stop="0" /><color rgb="0xBABABA" alpha="100" stop="255" /></colors></fill></color><color name="button_border"><fill type="linear" rotation="90"><colors><color rgb="0xB8B8B8" alpha="100" stop="0" /></colors></fill></color><color name="icons"><fill type="linear" rotation="90"><colors><color rgb="0x555555" alpha="100" stop="0" /></colors></fill></color><color name="shadow"><fill type="linear" rotation="90"><colors><color rgb="0xD9D9D9" alpha="100" stop="0" /></colors></fill></color><color name="detaila"><fill type="linear" rotation="90"><colors><color rgb="0xA7A7A7" alpha="100" stop="0" /></colors></fill></color><color name="detailb"><fill type="linear" rotation="90"><colors><color rgb="0xCFCFCF" alpha="100" stop="0" /></colors></fill></color></group_colors></color_group><color_group name="searchinput"><group_colors><color name="bg"><fill type="linear" rotation="90"><colors><color rgb="0xDFDFDF" alpha="100" stop="0" /></colors></fill></color><color name="border"><fill type="linear" rotation="90"><colors><color rgb="0xADADAD" alpha="100" stop="0" /><color rgb="0xFAFAFA" alpha="100" stop="255" /></colors></fill></color><color name="icon"><fill type="linear" rotation="90"><colors><color rgb="0x8A8A8A" alpha="100" stop="0" /></colors></fill></color><color name="button_hover"><fill type="linear" rotation="90"><colors><color rgb="0xF5F5F5" alpha="100" stop="0" /><color rgb="0xC7C7C7" alpha="100" stop="255" /></colors></fill></color><color name="hover_glow"><fill type="linear" rotation="90"><colors><color rgb="0x6BF8FF" alpha="100" stop="0" /></colors></fill></color><color name="search_text"><fill type="linear" rotation="90"><colors><color rgb="0x808080" alpha="100" stop="0" /></colors></fill></color><color name="bg_active"><fill type="linear" rotation="90"><colors><color rgb="0xFAFAFA" alpha="100" stop="0" /></colors></fill></color><color name="text_active"><fill type="linear" rotation="90"><colors><color rgb="0x0D0D0D" alpha="100" stop="0" /></colors></fill></color></group_colors></color_group><color_group name="seekcontrol"><group_colors><color name="bg"><fill type="linear" rotation="90"><colors><color rgb="0x111111" alpha="100" stop="0" /><color rgb="0x111111" alpha="100" stop="255" /></colors></fill></color><color name="border"><fill type="linear" rotation="90"><colors><color rgb="0xB1B1B1" alpha="100" stop="0" /></colors></fill></color><color name="text_color"><fill type="linear" rotation="90"><colors><color rgb="0x808080" alpha="100" stop="0" /></colors></fill></color><color name="seek_border"><fill type="linear" rotation="90"><colors><color rgb="0xB8B8B8" alpha="100" stop="0" /><color rgb="0xEEEEEE" alpha="100" stop="255" /></colors></fill></color><color name="seek_bg"><fill type="linear" rotation="90"><colors><color rgb="0x808080" alpha="100" stop="0" /></colors></fill></color><color name="seek_position"><fill type="linear" rotation="90"><colors><color rgb="0xFFFFFF" alpha="100" stop="0" /></colors></fill></color><color name="btn_icon_color"><fill type="linear" rotation="90"><colors><color rgb="0xFFFFFF" alpha="100" stop="0" /></colors></fill></color><color name="btn_icon_hover"><fill type="linear" rotation="90"><colors><color rgb="0xFFBB00" alpha="100" stop="0" /></colors></fill></color><color name="btn_icon_shadow"><fill type="linear" rotation="90"><colors><color rgb="0xF0F0F0" alpha="0" stop="0" /></colors></fill></color></group_colors></color_group><color_group name="tabs"><group_colors><color name="bg"><fill type="linear" rotation="90"><colors><color rgb="0xF3F3F3" alpha="100" stop="0" /></colors></fill></color><color name="text"><fill type="linear" rotation="90"><colors><color rgb="0xFFFFFF" alpha="100" stop="0" /></colors></fill></color><color name="selected"><fill type="linear" rotation="90"><colors><color rgb="0xFFFFFF" alpha="100" stop="0" /></colors></fill></color><color name="hover"><fill type="linear" rotation="90"><colors><color rgb="0xFFBB00" alpha="100" stop="0" /></colors></fill></color><color name="shadow"><fill type="linear" rotation="90"><colors><color rgb="0xF0F0F0" alpha="100" stop="0" /></colors></fill></color></group_colors></color_group><color_group name="transcript"><group_colors><color name="div"><fill type="linear" rotation="90"><colors><color rgb="0xE1E1E1" alpha="100" stop="0" /></colors></fill></color><color name="heading_text"><fill type="linear" rotation="90"><colors><color rgb="0xFFFFFF" alpha="100" stop="0" /></colors></fill></color></group_colors></color_group><color_group name="outline"><group_colors><color name="diva"><fill type="linear" rotation="90"><colors><color rgb="0xC6C6C6" alpha="100" stop="0" /></colors></fill></color><color name="divb"><fill type="linear" rotation="90"><colors><color rgb="0xF9F9F9" alpha="100" stop="0" /></colors></fill></color><color name="divc"><fill type="linear" rotation="90"><colors><color rgb="0xE1E1E1" alpha="100" stop="0" /></colors></fill></color><color name="icon_color"><fill type="linear" rotation="90"><colors><color rgb="0xFF0000" alpha="100" stop="0" /></colors></fill></color><color name="search_text"><fill type="linear" rotation="90"><colors><color rgb="0x808080" alpha="100" stop="0" /></colors></fill></color><color name="search_hover"><fill type="linear" rotation="90"><colors><color rgb="0x0000EE" alpha="100" stop="0" /></colors></fill></color></group_colors></color_group><color_group name="resource"><group_colors><color name="separator"><fill type="linear" rotation="90"><colors><color rgb="0x808080" alpha="100" stop="0" /></colors></fill></color></group_colors></color_group><color_group name="glossary"><group_colors><color name="selected_text"><fill type="linear" rotation="90"><colors><color rgb="0xFFFFFF" alpha="100" stop="0" /></colors></fill></color><color name="selected"><fill type="linear" rotation="90"><colors><color rgb="0x7B7B7B" alpha="100" stop="0" /></colors></fill></color><color name="text"><fill type="linear" rotation="90"><colors><color rgb="0xFFFFFF" alpha="100" stop="0" /></colors></fill></color><color name="hover"><fill type="linear" rotation="90"><colors><color rgb="0xFFBB00" alpha="100" stop="0" /></colors></fill></color><color name="diva"><fill type="linear" rotation="90"><colors><color rgb="0xE2E2E2" alpha="100" stop="0" /></colors></fill></color><color name="divb"><fill type="linear" rotation="90"><colors><color rgb="0xE2E2E2" alpha="100" stop="0" /></colors></fill></color><color name="divc"><fill type="linear" rotation="90"><colors><color rgb="0xFAFAFA" alpha="100" stop="0" /></colors></fill></color><color name="bg"><fill type="linear" rotation="90"><colors><color rgb="0x111111" alpha="100" stop="0" /></colors></fill></color><color name="heading_text"><fill type="linear" rotation="90"><colors><color rgb="0xFFFFFF" alpha="100" stop="0" /></colors></fill></color></group_colors></color_group><color_group name="volume"><group_colors><color name="thumb_border"><fill type="linear" rotation="90"><colors><color rgb="0xA5A5A5" alpha="100" stop="0" /></colors></fill></color><color name="thumb_inner"><fill type="linear" rotation="90"><colors><color rgb="0xD4D4D4" alpha="100" stop="0" /></colors></fill></color><color name="thumb_bg"><fill type="linear" rotation="90"><colors><color rgb="0xC8C8C8" alpha="100" stop="0" /></colors></fill></color><color name="slider_border"><fill type="linear" rotation="90"><colors><color rgb="0xF2F2F2" alpha="100" stop="0" /></colors></fill></color><color name="slider_bg"><fill type="linear" rotation="90"><colors><color rgb="0x111111" alpha="100" stop="0" /><color rgb="0x111111" alpha="100" stop="128" /><color rgb="0xC3C3C3" alpha="100" stop="255" /></colors></fill></color></group_colors></color_group><color_group name="HTML"><group_colors><color name="htmlpage_bg_color"><fill type="linear" rotation="90"><colors><color rgb="0xFFFFFF" alpha="100" stop="0" /></colors></fill></color></group_colors></color_group></colorscheme></colorschemes><string_tables><string_table name="prevnextnosubmit1111000111"><string id="prev">PREV</string><string id="next">NEXT</string><string id="submit">SUBMIT</string><string id="outline">Menu</string><string id="resources">Resources</string><string id="glossary">Glossary</string><string id="transcript">Notes</string><string id="clear">Clear and return to Menu</string><string id="search_results">Search Results</string><string id="filter">Filter</string><string id="slide_text_chk">Slide Text</string><string id="transcript_chk">Notes</string><string id="search_in">Search in:</string><string id="check_include">Check to include</string><string id="search">Search...</string><string id="terms">Terms</string><string id="definition">Definition</string><string id="acc_definition">definition</string><string id="acc_resources">resources</string><string id="acc_search_input">search</string><string id="acc_pause">pause</string><string id="acc_play">play</string><string id="acc_replay">replay</string><string id="acc_submit">submit</string><string id="acc_next">next</string><string id="acc_previous">previous</string><string id="acc_volume">volume</string></string_table></string_tables><sounds enabled="false" /><nav_data><outline><links><slidelink slideid="_player.6kSMbuiAvPF" displaytext="NI Core 1 Module 4" expand="true"><links><slidelink slideid="_player.6kSMbuiAvPF.5rKSZ4Cw3yj" displaytext="Learning Objective" expand="true" /><slidelink slideid="_player.6kSMbuiAvPF.6VEzm4zJS4e" displaytext="Array Subpalette" expand="true" /><slidelink slideid="_player.6kSMbuiAvPF.6Lu1ZrqWbve" displaytext="Array Size" expand="true" /><slidelink slideid="_player.6kSMbuiAvPF.6AaRhkVUeJg" displaytext="Knowledge Check 1" expand="true" /><slidelink slideid="_player.6kSMbuiAvPF.5cW0ezmJRUg" displaytext="Array Subset" expand="true" /><slidelink slideid="_player.6kSMbuiAvPF.6cx1noonfZo" displaytext="Knowledge Check 2" expand="true" /><slidelink slideid="_player.6kSMbuiAvPF.5tOeOiyXTze" displaytext="Build Array" expand="true" /><slidelink slideid="_player.6kSMbuiAvPF.6eNlSK2K9fZ" displaytext="Knowledge Check 3" expand="true" /><slidelink slideid="_player.6kSMbuiAvPF.6e96DHz4H7p" displaytext="Index Array" expand="true" /><slidelink slideid="_player.6kSMbuiAvPF.6KzIOoN74S0" displaytext="Knowledge Check 4" expand="true" /><slidelink slideid="_player.6kSMbuiAvPF.6UXmC7WrBOq" displaytext="Summary" expand="true" /></links></slidelink></links></outline><search><slidetext slideid="6kSMbuiAvPF.5rKSZ4Cw3yj" slidebank="false">use labview’s built-in array functions to create and manipulate arrays labview core 1 module 4 learning objectives common array functions get started + 1/11 </slidetext><slidetext slideid="6kSMbuiAvPF.6VEzm4zJS4e" slidebank="false">array subpalette 1/11 2/11 </slidetext><slidetext slideid="6kSMbuiAvPF.6Lu1ZrqWbve" slidebank="false">array size 1/11 2/11 3/11 </slidetext><slidetext slideid="6kSMbuiAvPF.6AaRhkVUeJg" slidebank="false">what are the values of the indicators after the code executes?  click to select the correct values 1/11 2/11 3/11 4/11 click to select the correct values.  that's correct! the 1d array size is 4 elements. the 2d array size is 2 by 3, because this array has 2 rows and 3 columns. continue  sorry, that's incorrect. the 1d array size is 4 elements. the 2d array size is 2 by 3, because this array has 2 rows and 3 columns. continue </slidetext><slidetext slideid="6kSMbuiAvPF.5cW0ezmJRUg" slidebank="false">array subset index = 3 length = 2 1/11 2/11 3/11 4/11 5/11 </slidetext><slidetext slideid="6kSMbuiAvPF.6cx1noonfZo" slidebank="false">what is the value of the subarray indicator after the code executes? click to select the correct answer. switch when pressed  switch when released switch until released latch when pressed latch when released latch until released 1/11 2/11 3/11 4/11 5/11 6/11  that's correct! the answer is a subarray of 3 elements starting with the element at index 1. in this case, 3 is at index 1, so the elements in the subarray are 3, 2, 5. continue  sorry, that's incorrect. the answer is a subarray of 3 elements starting with the element at index 1. in this case, 3 is at index 1, so the elements in the subarray are 3, 2, 5. continue </slidetext><slidetext slideid="6kSMbuiAvPF.5tOeOiyXTze" slidebank="false">1/11 2/11 3/11 4/11 5/11 6/11 7/11 add another channel of temperature measurements to the 1d array. add more measurements to a single channel in the temperature array data. build array </slidetext><slidetext slideid="6kSMbuiAvPF.6eNlSK2K9fZ" slidebank="false">switch when pressed  switch when released switch until released latch when pressed latch when released latch until released 8/11 1/11 2/11 3/11 4/11 5/11 6/11 7/11 what is the value in the indicator after the vi runs? click to select the correct answer.  that's correct! the build array creates a 2d array where the top array input becomes the first row and the 2nd array input becomes the 2nd row. continue  sorry, that's incorrect. the build array creates a 2d array where the top array input becomes the first row and the 2nd array input becomes the 2nd row. continue  </slidetext><slidetext slideid="6kSMbuiAvPF.6e96DHz4H7p" slidebank="false">index array index = 6 9/11 8/11 1/11 2/11 3/11 4/11 5/11 6/11 7/11 index = 1 row = 1  </slidetext><slidetext slideid="6kSMbuiAvPF.6KzIOoN74S0" slidebank="false">9/11 8/11 1/11 2/11 3/11 4/11 5/11 6/11 7/11 10/11 what is the value in the indicator when the vi executes? click to select the correct answer.  that's correct! the second row is the result in the extracted row indicator, because it has the row index value of 1. continue  sorry, that's incorrect. the second row is the result in the extracted row indicator, because it has the row index value of 1. continue </slidetext><slidetext slideid="6kSMbuiAvPF.6UXmC7WrBOq" slidebank="false">9/11 8/11 1/11 2/11 3/11 4/11 5/11 6/11 7/11 10/11 11/11 array size: returns the number of elements in the array. array subset: returns a portion of an array defined by the index and length you define. build array: concatenates elements together into one array, or concatenates multiple arrays together into arrays of higher dimension. index array: returns the element or sub-array from an array at an index that you define. summary </slidetext></search></nav_data><resource_data description="" /><transcript_data><slidetranscripts><slidetranscript slideid="6kSMbuiAvPF.5rKSZ4Cw3yj" slidebank="false">&lt;html&gt;&lt;p dir='LTR' align='left'&gt;&lt;textformat leading='1' tabstops='[48, 96]' leftmargin='0' indent='0'&gt;&lt;font face='Articulate' size='11.64pt' color='#ffffff'&gt;These are the notes for the course. The transcript is usually copied here for review. &lt;/font&gt;&lt;/textformat&gt;&lt;/p&gt;&lt;/html&gt;</slidetranscript></slidetranscripts></transcript_data><glossary_data /></bwFrame>